step,train_loss,test_loss,train_acc,test_acc,eff_dim
1,4.744973659515381,4.742166996002197,0.009667024947702885,0.01119803637266159,64.8607
100,0.05038393661379814,7.1426682472229,1.0,0.011811628006398678,64.4209
200,0.018906736746430397,6.953184127807617,1.0,0.011658229865133762,64.1732
300,0.024706106632947922,6.673159599304199,1.0,0.01242521870881319,63.9217
400,0.014234286732971668,6.507688522338867,1.0,0.011658229865133762,63.6232
500,0.017070982605218887,6.4282546043396,1.0,0.01119803637266159,63.2193
600,0.011830061674118042,6.304264068603516,1.0,0.01119803637266159,62.8754
700,0.00993858277797699,6.3506317138671875,1.0,0.011811628006398678,62.4468
800,0.009974713437259197,6.228376865386963,1.0,0.012271820567548275,62.0591
900,0.007297738455235958,6.340260982513428,1.0,0.012118423357605934,61.6569
1000,0.008510486222803593,6.204378604888916,1.0,0.012732014060020447,61.2542
1100,0.00860595889389515,6.406872749328613,1.0,0.011965025216341019,60.7967
1200,0.007095524109899998,6.243460178375244,1.0,0.012732014060020447,60.4738
1300,0.2049175649881363,6.3118391036987305,0.9949874877929688,0.010737842880189419,59.9805
1400,0.005655040964484215,6.375385284423828,1.0,0.013038809411227703,59.7314
1500,0.006081188563257456,6.300693988800049,1.0,0.012732014060020447,59.2796
1600,0.018994897603988647,6.478209018707275,1.0,0.012578615918755531,58.8233
1700,0.004869169555604458,6.430367469787598,1.0,0.012118423357605934,58.5832
1800,0.005169878248125315,6.380149841308594,1.0,0.013192207552492619,58.1325
1900,0.059041790664196014,6.533619403839111,1.0,0.012271820567548275,57.6774
2000,0.003996136598289013,6.566588401794434,1.0,0.013038809411227703,57.4942
2100,0.00442820880562067,6.488731384277344,1.0,0.01334560476243496,57.0744
2200,0.2777012288570404,6.492858409881592,0.9645542502403259,0.013805798254907131,56.6258
2300,0.0027230859268456697,6.845578670501709,1.0,0.013038809411227703,56.4543
2400,0.003736883634701371,6.618403911590576,1.0,0.01365240104496479,56.0940
2500,0.0037649935111403465,6.603128433227539,1.0,0.013805798254907131,55.6670
2600,1.052443265914917,6.583587169647217,0.7883995771408081,0.01242521870881319,55.2456
2700,0.0018761669052764773,7.288896560668945,1.0,0.013192207552492619,55.2392
2800,0.0030228453688323498,6.840823650360107,1.0,0.013805798254907131,54.9355
2900,0.0033045795280486345,6.721982002258301,1.0,0.014265991747379303,54.5267
3000,0.0032524087000638247,6.710824012756348,1.0,0.014265991747379303,54.1046
3100,0.8392613530158997,6.693592548370361,0.8746867179870605,0.010737842880189419,53.7192
3200,0.0019701167475432158,7.232002258300781,1.0,0.013038809411227703,53.6677
3300,0.002808190416544676,6.87640380859375,1.0,0.013499002903699875,53.3301
3400,0.0029547656886279583,6.788639545440674,1.0,0.01334560476243496,52.9340
3500,0.002877717837691307,6.792153358459473,1.0,0.013805798254907131,52.5421
3600,0.0019231416517868638,7.943801403045654,1.0,0.01334560476243496,52.4854
3700,0.0020250938832759857,7.235013961791992,1.0,0.013192207552492619,52.2845
3800,0.0026188225019723177,6.919278144836426,1.0,0.01365240104496479,51.9314
3900,0.002733509289100766,6.8260087966918945,1.0,0.013959196396172047,51.5447
4000,0.002674550749361515,6.819441795349121,1.0,0.014726185239851475,51.1671
4100,0.0462435819208622,7.494514465332031,0.9967776536941528,0.01334560476243496,50.9755
4200,0.0013832487165927887,7.664939880371094,1.0,0.013038809411227703,50.9441
4300,0.0022205316927284002,7.0805487632751465,1.0,0.014112593606114388,50.6632
4400,0.0025561158545315266,6.872088432312012,1.0,0.01457278709858656,50.3052
4500,0.0025924884248524904,6.817409515380859,1.0,0.014879582449793816,49.9385
4600,0.002518506022170186,6.8279266357421875,1.0,0.01457278709858656,49.5878
4700,0.021431811153888702,7.836171627044678,0.9996419548988342,0.013959196396172047,49.4770
4800,0.0012591425329446793,7.683379650115967,1.0,0.01457278709858656,49.4150
4900,0.002064501168206334,7.087663173675537,1.0,0.014879582449793816,49.1424
5000,0.0024143862538039684,6.872494697570801,1.0,0.015493174083530903,48.8023
5100,0.0024578419979661703,6.820233345031738,1.0,0.015493174083530903,48.4585
5200,0.0023870314471423626,6.8343281745910645,1.0,0.01457278709858656,48.1325
5300,0.0356718972325325,7.339834690093994,0.9996419548988342,0.01365240104496479,47.9613
5400,0.0010198698146268725,8.01025676727295,1.0,0.013959196396172047,48.0156
5500,0.0018048817291855812,7.237034320831299,1.0,0.013959196396172047,47.7842
5600,0.0022779565770179033,6.914899826049805,1.0,0.015186378732323647,47.4719
5700,0.0023974606301635504,6.81163215637207,1.0,0.015339775942265987,47.1403
5800,0.002358220284804702,6.802488327026367,1.0,0.01579996943473816,46.8229
5900,0.7680862545967102,7.024918556213379,0.8621553778648376,0.01334560476243496,46.5395
6000,0.000818992150016129,7.970130443572998,1.0,0.014726185239851475,46.6248
6100,0.00164236209820956,7.145627021789551,1.0,0.015186378732323647,46.4070
6200,0.0021737460047006607,6.835687160491943,1.0,0.015493174083530903,46.1101
6300,0.002287031151354313,6.759692668914795,1.0,0.01579996943473816,45.8024
6400,0.0022276786621659994,6.769290447235107,1.0,0.015339775942265987,45.5121
6500,0.002122593345120549,6.807490825653076,1.0,0.014879582449793816,45.2407
6600,0.0007110825390554965,8.200542449951172,1.0,0.014726185239851475,45.3723
6700,0.0013239147374406457,7.254958629608154,1.0,0.016260161995887756,45.1928
6800,0.0019253022037446499,6.83718204498291,1.0,0.015953367576003075,44.9189
6900,0.0021324085537344217,6.716184139251709,1.0,0.015493174083530903,44.6170
7000,0.002113599795848131,6.717678546905518,1.0,0.01610676571726799,44.3282
7100,0.0020212701056152582,6.762626647949219,1.0,0.016720356419682503,44.0597
7200,0.0011246410431340337,8.301311492919922,1.0,0.01748734526336193,44.2018
7300,0.001109863049350679,7.356263160705566,1.0,0.016873754560947418,44.0709
7400,0.0017421413213014603,6.822745323181152,1.0,0.016566958278417587,43.8292
7500,0.002060700673609972,6.628254413604736,1.0,0.01748734526336193,43.5423
7600,0.002113375347107649,6.593841075897217,1.0,0.016873754560947418,43.2573
7700,0.0020513837225735188,6.624631881713867,1.0,0.017640741541981697,42.9917
7800,0.0019808788783848286,6.675774574279785,1.0,0.017027150839567184,42.7447
7900,0.0008505665464326739,8.121362686157227,1.0,0.019174719229340553,42.9747
8000,0.001095665735192597,7.196001052856445,1.0,0.01994170807301998,42.8411
8100,0.0017026282148435712,6.655620098114014,1.0,0.0196349136531353,42.6062
8200,0.002053676638752222,6.444467544555664,1.0,0.019174719229340553,42.3232
8300,0.0021418228279799223,6.395802974700928,1.0,0.01932811737060547,42.0376
8400,0.002100304001942277,6.416059494018555,1.0,0.020248504355549812,41.7708
8500,0.002013451885432005,6.461810111999512,1.0,0.01994170807301998,41.5244
8600,0.0018335951026529074,7.578699588775635,1.0,0.019481515511870384,41.6358
8700,0.0010144889820367098,6.83726692199707,1.0,0.020862095057964325,41.5204
8800,0.001681881956756115,6.368484973907471,1.0,0.02132228948175907,41.2904
8900,0.0020294664427638054,6.230602741241455,1.0,0.022242674604058266,41.0198
9000,0.0020733692217618227,6.2293243408203125,1.0,0.02178248204290867,40.7565
9100,0.0020060345996171236,6.270685195922852,1.0,0.021168891340494156,40.5144
9200,0.0019737808033823967,6.323907852172852,1.0,0.02178248204290867,40.2903
9300,0.0006153379799798131,7.119370460510254,1.0,0.025003835558891296,40.5210
9400,0.0011952846543863416,6.352077007293701,1.0,0.025157231837511063,40.3513
9500,0.0017846215050667524,6.045429706573486,1.0,0.026077618822455406,40.1027
9600,0.002021169988438487,5.979194164276123,1.0,0.02561742626130581,39.8321
9700,0.0020214293617755175,6.003945350646973,1.0,0.025464028120040894,39.5779
9800,0.0019434839487075806,6.054061412811279,1.0,0.025310629978775978,39.3459
9900,0.0018513955874368548,6.10732889175415,1.0,0.025310629978775978,39.1311
10000,0.0006942480686120689,6.661869525909424,1.0,0.030986348167061806,39.3030
10100,0.0010951783042401075,6.00944709777832,1.0,0.029912563040852547,39.1445
10200,0.0017138010589405894,5.761391639709473,1.0,0.030372757464647293,38.9034
10300,0.0019258479587733746,5.743688583374023,1.0,0.030372757464647293,38.6483
10400,0.0018998018931597471,5.794337272644043,1.0,0.028531983494758606,38.4125
10500,0.0018157402519136667,5.855949401855469,1.0,0.028531983494758606,38.1973
10600,0.0017266382928937674,5.914962291717529,1.0,0.027918392792344093,37.9971
10700,0.0008471001638099551,6.250239849090576,1.0,0.04172419011592865,38.3317
10800,0.0009679089416749775,5.62712287902832,1.0,0.045405738055706024,38.2033
10900,0.001543810940347612,5.32389497756958,1.0,0.04141739383339882,37.9802
11000,0.0018904471071437001,5.263146877288818,1.0,0.041110601276159286,37.7161
11100,0.0019698813557624817,5.297927379608154,1.0,0.03819604218006134,37.4551
11200,0.0019221819238737226,5.361051559448242,1.0,0.038042645901441574,37.2169
11300,0.0018372865160927176,5.427373886108398,1.0,0.03635526821017265,37.0008
11400,0.0017482273979112506,5.48930549621582,1.0,0.03635526821017265,36.8014
11500,0.0005970325437374413,5.117929935455322,1.0,0.0740911215543747,37.0831
11600,0.0011572405928745866,4.7182536125183105,1.0,0.07025617361068726,36.9179
11700,0.0017042148392647505,4.654229164123535,1.0,0.06580764055252075,36.6822
11800,0.0018909331411123276,4.708095550537109,1.0,0.06212609261274338,36.4308
11900,0.0017891903407871723,4.788171291351318,1.0,0.060745514929294586,36.1970
12000,0.001508974120952189,4.923803329467773,1.0,0.058751340955495834,35.9852
12100,0.0006622686632908881,3.7101552486419678,1.0,0.1556987315416336,36.1846
12200,0.0013027481036260724,3.5752460956573486,1.0,0.1458812654018402,35.9980
12300,0.0017625379841774702,3.6180953979492188,1.0,0.1325356662273407,35.7574
12400,0.0018151170806959271,3.6420798301696777,1.0,0.13038809597492218,35.5153
12500,0.0016029231483116746,3.57075572013855,1.0,0.1418929249048233,35.2943
12600,2.3382606506347656,4.8102312088012695,0.45757248997688293,0.057984352111816406,35.1004
12700,0.0010756499832496047,0.9892889261245728,1.0,0.6933578848838806,35.3020
12800,0.0015720489900559187,1.0788843631744385,1.0,0.6675870418548584,35.1014
12900,0.0017966836458072066,1.1260262727737427,1.0,0.668967604637146,34.8706
13000,0.0017038666410371661,1.0534881353378296,1.0,0.7017947435379028,34.6407
13100,0.0013994163600727916,0.8499374389648438,1.0,0.7706703543663025,34.4293
13200,0.789898157119751,2.0815622806549072,0.8263515830039978,0.40450990200042725,34.2745
13300,0.001011911779642105,0.015468231402337551,1.0,0.9998465776443481,34.5489
13400,0.0014570042258128524,0.018371939659118652,1.0,0.9998465776443481,34.3413
13500,0.0015849188202992082,0.017917824909090996,1.0,1.0,34.1120
13600,0.0015361153054982424,0.015619910322129726,1.0,1.0,33.8890
13700,0.0013726959004998207,0.012402855791151524,1.0,1.0,33.6787
13800,0.0011358921183273196,0.00926539022475481,1.0,0.9998465776443481,33.4853
13900,0.0009721039677970111,0.006930764298886061,1.0,0.9998465776443481,33.3066
14000,0.0016016426961869001,0.004439232870936394,1.0,0.9998465776443481,33.7936
14100,0.0009178143227472901,0.002160661621019244,1.0,1.0,33.7379
14200,0.0013788350624963641,0.002844638656824827,1.0,1.0,33.5091
14300,0.001580839161761105,0.0031030152458697557,1.0,1.0,33.2717
14400,0.0016006483929231763,0.0031158498022705317,1.0,1.0,33.0485
14500,0.0015296118799597025,0.0029750752728432417,1.0,1.0,32.8423
14600,0.0013664019061252475,0.0026507999282330275,1.0,1.0,32.6562
14700,0.0012663581874221563,0.0024338141083717346,1.0,1.0,32.4881
14800,0.020483585074543953,0.03686762601137161,0.9978517889976501,0.9944776892662048,32.9259
14900,0.0008585575269535184,0.001373981824144721,1.0,1.0,33.1381
15000,0.001322189811617136,0.0019729919731616974,1.0,1.0,32.9260
15100,0.0015400280244648457,0.0022549268323928118,1.0,1.0,32.6924
15200,0.0014922268455848098,0.00223058694973588,1.0,1.0,32.4643
15300,0.00129890872631222,0.002026953734457493,1.0,1.0,32.2454
15400,0.0010945243993774056,0.0018012769287452102,1.0,1.0,32.0397
15500,0.0009007225162349641,0.0015569162787869573,1.0,1.0,31.8484
15600,0.0007200558902695775,0.0013025259831920266,1.0,1.0,31.6711
15700,0.0005698392051272094,0.001084006973542273,1.0,1.0,31.5055
15800,0.0004976384807378054,0.0009016210678964853,1.0,1.0,32.3675
15900,0.000957304728217423,0.0015366041334345937,1.0,1.0,32.1758
16000,0.0013811154058203101,0.002042007865384221,1.0,1.0,31.9269
16100,0.0015735944034531713,0.002254299819469452,1.0,1.0,31.6900
16200,0.0015384304570034146,0.00219249096699059,1.0,1.0,31.4573
16300,0.0013866884401068091,0.001966899260878563,1.0,1.0,31.2342
16400,0.0011734364088624716,0.0016611497849225998,1.0,1.0,31.0262
16500,0.0009972420521080494,0.0014207727508619428,1.0,1.0,30.8333
16600,0.000850055948831141,0.0012245547259226441,1.0,1.0,30.6542
16700,0.000595324847381562,0.0009965735953301191,1.0,1.0,31.8046
16800,0.0011060419492423534,0.0016563029494136572,1.0,1.0,31.6220
16900,0.001541581586934626,0.002147575607523322,1.0,1.0,31.3634
17000,0.0017768125981092453,0.0023728578817099333,1.0,1.0,31.1127
17100,0.001813672250136733,0.0024070932995527983,1.0,1.0,30.8630
17200,0.001695100567303598,0.0022631860338151455,1.0,1.0,30.6135
17300,0.0015018562553450465,0.002024231944233179,1.0,1.0,30.3719
17400,0.0013359363656491041,0.0018155063735321164,1.0,1.0,30.1418
17500,1.8187370300292969,2.1068029403686523,0.5861081480979919,0.4985427260398865,29.9721
17600,0.0006837826804257929,0.0009724986739456654,1.0,1.0,30.6584
17700,0.0012893829261884093,0.0017050543101504445,1.0,1.0,30.4150
17800,0.0016410037642344832,0.002114199800416827,1.0,1.0,30.1502
17900,0.0016919908812269568,0.0022060456685721874,1.0,1.0,29.8861
18000,0.0015758498338982463,0.002092527924105525,1.0,1.0,29.6216
18100,0.0014008395373821259,0.00188970728777349,1.0,1.0,29.3670
18200,0.0012130822287872434,0.0016631048638373613,1.0,1.0,29.1273
18300,0.0010394498240202665,0.001450839452445507,1.0,1.0,28.9032
18400,0.0008798143244348466,0.001255121547728777,1.0,1.0,28.6937
18500,0.0005207193316891789,0.0007927995175123215,1.0,1.0,29.6629
18600,0.0008469467866234481,0.0012070316588506103,1.0,1.0,29.4984
18700,0.0013529504649341106,0.0018070436781272292,1.0,1.0,29.2199
18800,0.0016029062680900097,0.002089480869472027,1.0,1.0,28.9468
18900,0.0016174650518223643,0.0021227742545306683,1.0,1.0,28.6729
19000,0.0015287816058844328,0.002024088753387332,1.0,1.0,28.4013
19100,0.0014280476607382298,0.0018997967708855867,1.0,1.0,28.1401
19200,0.0013317561242729425,0.0017739668255671859,1.0,1.0,27.8939
19300,0.0012394742807373405,0.0016497389879077673,1.0,1.0,27.6640
19400,0.018614260479807854,0.02970075234770775,0.9992839097976685,0.9978524446487427,28.0319
19500,0.0007488418486900628,0.0009979400783777237,1.0,1.0,28.3375
19600,0.0012545330682769418,0.0016055258456617594,1.0,1.0,28.0662
19700,0.001491739065386355,0.0018918791320174932,1.0,1.0,27.7840
19800,0.0015181401977315545,0.0019479901529848576,1.0,1.0,27.4974
19900,0.0014507812447845936,0.0018835894297808409,1.0,1.0,27.2103
20000,0.001375103136524558,0.001797487959265709,1.0,1.0,26.9335
20100,0.0013027506647631526,0.0017096991650760174,1.0,1.0,26.6729
20200,0.0012146132066845894,0.0016030337428674102,1.0,1.0,26.4311
20300,0.0010872307466343045,0.0014491196488961577,1.0,1.0,26.2074
20400,0.0009534573182463646,0.001401105080731213,1.0,1.0,27.1869
20500,0.0008091138442978263,0.0011032744077965617,1.0,1.0,27.0638
20600,0.001328876824118197,0.001724038040265441,1.0,1.0,26.7724
20700,0.0015532462857663631,0.001982717541977763,1.0,1.0,26.4858
20800,0.001546475919894874,0.001988829579204321,1.0,1.0,26.1965
20900,0.001433056779205799,0.0018673839513212442,1.0,1.0,25.9096
21000,0.0012651426950469613,0.0016708032926544547,1.0,1.0,25.6356
21100,0.0011147750774398446,0.0014918731758370996,1.0,1.0,25.3780
21200,0.0010288581252098083,0.0013969417195767164,1.0,1.0,25.1356
21300,0.0009616193128749728,0.0013205264694988728,1.0,1.0,24.9085
21400,0.00048396928468719125,0.0006974302814342082,1.0,1.0,25.9531
21500,0.0010026381351053715,0.0013367196079343557,1.0,1.0,25.6738
21600,0.0013935727765783668,0.001797166303731501,1.0,1.0,25.3631
21700,0.0014912920305505395,0.0019259832333773375,1.0,1.0,25.0567
21800,0.0013756129192188382,0.0018051780061796308,1.0,1.0,24.7493
21900,0.0011773520382121205,0.0015767236473038793,1.0,1.0,24.4528
22000,0.0010074754245579243,0.0013760225847363472,1.0,1.0,24.1726
22100,0.0008521638228558004,0.0011892563197761774,1.0,1.0,23.9100
22200,0.0006501591997221112,0.0009347270242869854,1.0,1.0,23.6646
22300,0.004346546251326799,0.009301758371293545,1.0,0.9998465776443481,24.6470
22400,0.0005660555325448513,0.0008609871147200465,1.0,1.0,24.7061
22500,0.0010276325047016144,0.0014306509401649237,1.0,1.0,24.3920
22600,0.0013421984622254968,0.0017718705348670483,1.0,1.0,24.0755
22700,0.0014511983608826995,0.001902722753584385,1.0,1.0,23.7641
22800,0.0013797295978292823,0.0018232491565868258,1.0,1.0,23.4481
22900,0.0011986398603767157,0.0016084164381027222,1.0,1.0,23.1409
23000,0.0010498317424207926,0.0014353463193401694,1.0,1.0,22.8493
23100,0.0008892769692465663,0.0012429289054125547,1.0,1.0,22.5756
23200,0.0007233108626678586,0.00105433096177876,1.0,1.0,22.3208
23300,0.00040700979297980666,0.0006120380712673068,1.0,1.0,23.2090
23400,0.0008182692690752447,0.0011278246529400349,1.0,1.0,22.9305
23500,0.0011550092604011297,0.0015280130319297314,1.0,1.0,22.6128
23600,0.0012586569646373391,0.0016591186868026853,1.0,1.0,22.2929
23700,0.0012004222953692079,0.0016005077632144094,1.0,1.0,21.9710
23800,0.0010953552555292845,0.0014819869538769126,1.0,1.0,21.6591
23900,0.0009620398632250726,0.0013262256979942322,1.0,1.0,21.3653
24000,0.0008058550301939249,0.0011383035453036427,1.0,1.0,21.0913
24100,0.0006581302732229233,0.000958973600063473,1.0,1.0,20.8348
24200,0.0005563864833675325,0.0008419498917646706,1.0,1.0,20.5930
24300,0.00033141684252768755,0.0005075977533124387,1.0,1.0,21.8724
24400,0.0007036321330815554,0.0010063772788271308,1.0,1.0,21.5978
24500,0.0010676005622372031,0.0014329333789646626,1.0,1.0,21.2641
24600,0.0012540757888928056,0.0016341592418029904,1.0,1.0,20.9423
24700,0.0012584817595779896,0.001638983259908855,1.0,1.0,20.6148
24800,0.0011973875807598233,0.0015624157385900617,1.0,1.0,20.2913
24900,0.001130768796429038,0.0014757814351469278,1.0,1.0,19.9817
25000,0.0010583767434582114,0.0013806438073515892,1.0,1.0,19.6906
25100,0.0009746233699843287,0.001272647874429822,1.0,1.0,19.4191
25200,0.000881433894392103,0.001156607992015779,1.0,1.0,19.1664
25300,0.11264557391405106,0.1529877632856369,0.9885427951812744,0.9838932156562805,19.3664
25400,0.0004581269749905914,0.0006522251642309129,1.0,1.0,19.9860
25500,0.0008751745917834342,0.001146238879300654,1.0,1.0,19.6694
25600,0.0011292195413261652,0.0014388351701200008,1.0,1.0,19.3465
25700,0.0011681625619530678,0.0014964843867346644,1.0,1.0,19.0281
25800,0.0010840545874089003,0.0014131098287180066,1.0,1.0,18.7100
25900,0.0009610733832232654,0.0012806548038497567,1.0,1.0,18.4022
26000,0.0008365949033759534,0.001143059111200273,1.0,1.0,18.1104
26100,0.0007298390264622867,0.001022741082124412,1.0,1.0,17.8354
26200,0.0006436915136873722,0.0009241187362931669,1.0,1.0,17.5762
26300,0.0026564765721559525,0.004802534822374582,1.0,1.0,18.2760
26400,0.00046246976125985384,0.0006476157577708364,1.0,1.0,18.2500
26500,0.0009133833809755743,0.0012006362667307258,1.0,1.0,17.9325
26600,0.0011774484300985932,0.0015083644539117813,1.0,1.0,17.6250
26700,0.001173961441963911,0.001510327565483749,1.0,1.0,17.3194
26800,0.0010732108494266868,0.001393426675349474,1.0,1.0,17.0212
26900,0.0009857307886704803,0.0012892794329673052,1.0,1.0,16.7370
27000,0.0008856321219354868,0.0011650404194369912,1.0,1.0,16.4695
27100,0.0007615479407832026,0.0010149242589250207,1.0,1.0,16.2200
27200,0.00039653200656175613,0.0005831032176502049,1.0,1.0,17.0496
27300,0.000586613139603287,0.0008049221360124648,1.0,1.0,16.8086
27400,0.0009901371086016297,0.001289824489504099,1.0,1.0,16.4881
27500,0.0011418124195188284,0.0014638426946476102,1.0,1.0,16.1757
27600,0.0010561560047790408,0.0013754514511674643,1.0,1.0,15.8658
27700,0.0008875395869836211,0.0011889715678989887,1.0,1.0,15.5667
27800,0.0007327491766773164,0.0010139514924958348,1.0,1.0,15.2832
27900,0.0006004648166708648,0.0008595138788223267,1.0,1.0,15.0158
28000,0.0004947370034642518,0.0007308660424314439,1.0,1.0,14.7640
28100,0.0010769838700070977,0.0017891048919409513,1.0,1.0,15.2692
28200,0.00042123766615986824,0.000607165100518614,1.0,1.0,15.1226
28300,0.0007944138487800956,0.0010651936754584312,1.0,1.0,14.8229
28400,0.0009697632631286979,0.0012675729813054204,1.0,1.0,14.5302
28500,0.000930908543523401,0.0012195564340800047,1.0,1.0,14.2394
28600,0.0008391682058572769,0.0011086564045399427,1.0,1.0,13.9595
28700,0.0007686066091991961,0.0010288989869877696,1.0,1.0,13.6956
28800,0.0007123247487470508,0.0009652292355895042,1.0,1.0,13.4489
28900,0.0006358867394737899,0.0008722561178728938,1.0,1.0,13.2195
29000,0.0005482072592712939,0.0007686923490837216,1.0,1.0,13.0057
29100,0.00033654249273240566,0.0005029909079894423,1.0,1.0,13.6966
29200,0.00042767368722707033,0.0005904273712076247,1.0,1.0,13.4762
29300,0.0007890897104516625,0.0010198494419455528,1.0,1.0,13.1803
29400,0.0009581896592862904,0.0012130867689847946,1.0,1.0,12.8939
29500,0.0009438568376936018,0.0011945992009714246,1.0,1.0,12.6085
29600,0.000895310309715569,0.0011361747747287154,1.0,1.0,12.3348
29700,0.0008095639641396701,0.0010328973876312375,1.0,1.0,12.0802
29800,0.0006783500430174172,0.0008790561114437878,1.0,1.0,11.8457
29900,0.0007654248620383441,0.0011372824665158987,1.0,1.0,12.3214
30000,0.0004485364188440144,0.000588119262829423,1.0,1.0,12.1608
30100,0.0008495695656165481,0.0010607490548864007,1.0,1.0,11.8707
30200,0.001013656728900969,0.0012489964719861746,1.0,1.0,11.5909
30300,0.0009769584285095334,0.001209290698170662,1.0,1.0,11.3165
30400,0.0009112392435781658,0.0011383862001821399,1.0,1.0,11.0559
30500,0.0008296314626932144,0.001049614162184298,1.0,1.0,10.8143
30600,0.0007186596631072462,0.0009298304794356227,1.0,1.0,10.5927
30700,0.0006259401561692357,0.0008373218588531017,1.0,1.0,10.3889
30800,0.3172054588794708,0.43212977051734924,0.9452201724052429,0.9076545238494873,10.3672
30900,0.0002881803084164858,0.0003963062772527337,1.0,1.0,10.8030
31000,0.0006696970667690039,0.0008647917420603335,1.0,1.0,10.5403
31100,0.0009203919325955212,0.0011629258515313268,1.0,1.0,10.2864
31200,0.0009102720650844276,0.0011553820222616196,1.0,1.0,10.0426
31300,0.0008374156896024942,0.0010706877801567316,1.0,1.0,9.8102
31400,0.0007587227737531066,0.000975846778601408,1.0,1.0,9.5940
31500,0.0006704863626509905,0.0008702033665031195,1.0,1.0,9.3946
31600,0.0005750309792347252,0.0007552310707978904,1.0,1.0,9.2107
31700,0.0004817540175281465,0.0006478212308138609,1.0,1.0,9.0399
31800,0.023158133029937744,0.032051894813776016,0.9982098340988159,0.9969320297241211,9.3994
31900,0.0003222825180273503,0.0004745706683024764,1.0,1.0,9.5292
32000,0.0007016430608928204,0.0009301902027800679,1.0,1.0,9.2801
32100,0.0009710770100355148,0.001226484659127891,1.0,1.0,9.0440
32200,0.0010167378932237625,0.0012722979299724102,1.0,1.0,8.8146
32300,0.0009823235450312495,0.001228769775480032,1.0,1.0,8.5945
32400,0.0009394069202244282,0.001175451441667974,1.0,1.0,8.3898
32500,0.000892847019713372,0.0011184252798557281,1.0,1.0,8.2021
32600,0.0008426308631896973,0.0010589646408334374,1.0,1.0,8.0311
32700,0.000791701371781528,0.001001264899969101,1.0,1.0,7.8751
32800,0.0007366978097707033,0.0009413677616976202,1.0,1.0,7.7327
32900,0.00030481573776341975,0.0004093341703992337,1.0,1.0,8.1432
33000,0.0006100470782257617,0.0007839997997507453,1.0,1.0,7.9658
33100,0.0008723455830477178,0.001091161509975791,1.0,1.0,7.7738
33200,0.0008646415080875158,0.0010824054479599,1.0,1.0,7.5880
33300,0.0007894047885201871,0.0009968082886189222,1.0,1.0,7.4107
33400,0.0007070802967064083,0.0009041118319146335,1.0,1.0,7.2466
33500,0.0006431072251871228,0.0008325338130816817,1.0,1.0,7.0960
33600,0.0005541392019949853,0.0007293574162758887,1.0,1.0,6.9584
33700,0.00046518477029167116,0.0006179644842632115,1.0,1.0,6.8317
33800,0.0003116960870102048,0.0005351196159608662,1.0,1.0,7.3202
33900,0.00038115729694254696,0.0005416000494733453,1.0,1.0,7.1657
34000,0.0006993065471760929,0.0009179147309623659,1.0,1.0,6.9675
34100,0.0008531521889381111,0.001084428746253252,1.0,1.0,6.7849
34200,0.0008497104863636196,0.0010712569346651435,1.0,1.0,6.6098
34300,0.0008034438942559063,0.0010108202695846558,1.0,1.0,6.4445
34400,0.0007420493639074266,0.0009337356896139681,1.0,1.0,6.2921
34500,0.0006762818666175008,0.0008546561584807932,1.0,1.0,6.1534
34600,0.001319308066740632,0.001684095012024045,1.0,1.0,6.0297
34700,0.0003082492621615529,0.00039372066385112703,1.0,1.0,6.1722
34800,0.0006786127341911197,0.0008347836555913091,1.0,1.0,6.0206
34900,0.0007790051749907434,0.0009540719911456108,1.0,1.0,5.8778
35000,0.0007219576509669423,0.0008910827455110848,1.0,1.0,5.7425
35100,0.0006669036811217666,0.0008325306698679924,1.0,1.0,5.6189
35200,0.0006140480400063097,0.000777041947003454,1.0,1.0,5.5081
35300,0.0008215064299292862,0.0011552019277587533,1.0,1.0,5.7279
35400,0.00038025027606636286,0.0004924751701764762,1.0,1.0,5.6450
35500,0.000714850437361747,0.0008898303494788706,1.0,1.0,5.5036
35600,0.0007839023019187152,0.000965930346865207,1.0,1.0,5.3703
35700,0.0007489488343708217,0.000927660265006125,1.0,1.0,5.2453
35800,0.000706429360434413,0.0008843120303936303,1.0,1.0,5.1315
35900,0.000660959689412266,0.0008448577718809247,1.0,1.0,5.0289
36000,0.3321898281574249,0.4394928514957428,0.9455782175064087,0.9186992049217224,4.9785
36100,0.0002579517022240907,0.00047379356692545116,1.0,1.0,5.2606
36200,0.0005896198563277721,0.0008337557082995772,1.0,1.0,5.1098
36300,0.0008140708087012172,0.0010344847105443478,1.0,1.0,4.9706
36400,0.0008421788224950433,0.0010559476213529706,1.0,1.0,4.8392
36500,0.0008073378703556955,0.001019930001348257,1.0,1.0,4.7140
36600,0.000741867464967072,0.0009494982659816742,1.0,1.0,4.5981
36700,0.000685196602717042,0.0008952633943408728,1.0,1.0,4.4926
36800,0.0006892404053360224,0.0009090012172237039,1.0,1.0,4.5538
36900,0.0004909302806481719,0.0006155109731480479,1.0,1.0,4.4658
37000,0.0008013892220333219,0.0009884284809231758,1.0,1.0,4.3578
37100,0.000804793497081846,0.0010114825563505292,1.0,1.0,4.2595
37200,0.0007427450618706644,0.0009648866835050285,1.0,1.0,4.1697
37300,0.0006518573500216007,0.0008814500761218369,1.0,1.0,4.0884
37400,0.000582460721489042,0.000823562266305089,1.0,1.0,4.0147
37500,0.0005575483082793653,0.0008050781325437129,1.0,1.0,3.9477
37600,0.006287548691034317,0.010957206599414349,1.0,0.9998465776443481,4.1844
37700,0.0003381856076885015,0.0005371581064537168,1.0,1.0,4.2059
37800,0.0006934201228432357,0.0009567821398377419,1.0,1.0,4.0997
37900,0.0008771951543167233,0.0011546341702342033,1.0,1.0,4.0025
38000,0.0008706398657523096,0.0011591227957978845,1.0,1.0,3.9085
38100,0.0008124895393848419,0.0011175177060067654,1.0,1.0,3.8197
38200,0.0007505537942051888,0.001074564061127603,1.0,1.0,3.7379
38300,0.0763402208685875,0.10725843161344528,0.9967776536941528,0.9918699264526367,3.7011
38400,0.00041215246892534196,0.000530415156390518,1.0,1.0,3.7661
38500,0.0008129451889544725,0.0010142771061509848,1.0,1.0,3.6781
38600,0.0008740457706153393,0.0011119547998532653,1.0,1.0,3.5955
38700,0.000833884987514466,0.0011170326033607125,1.0,1.0,3.5189
38800,0.0007932479493319988,0.00111618812661618,1.0,0.9998465776443481,3.4500
38900,0.0007567014545202255,0.0011032631155103445,1.0,0.9998465776443481,3.3887
39000,0.0007218553218990564,0.0010818922892212868,1.0,0.9998465776443481,3.3339
39100,0.0006823603180237114,0.0010504559613764286,1.0,0.9998465776443481,3.2846
39200,0.0006208104896359146,0.001001922762952745,1.0,0.9998465776443481,3.2396
39300,0.0005000240635126829,0.0008839746587909758,1.0,0.9998465776443481,3.1978
39400,0.0007269640336744487,0.0010117351775988936,1.0,1.0,3.3767
39500,0.0003802477440331131,0.0004890091367997229,1.0,1.0,3.3337
39600,0.000628739595413208,0.000782840303145349,1.0,1.0,3.2593
39700,0.0006333109922707081,0.0007907559629529715,1.0,1.0,3.1918
39800,0.0005814054748043418,0.0007384892669506371,1.0,1.0,3.1300
39900,0.0005342456861399114,0.0006935637793503702,1.0,1.0,3.0746
40000,0.0004923833184875548,0.0006563843344338238,1.0,1.0,3.0253
40100,0.0004604029527399689,0.000636355543974787,1.0,1.0,2.9816
40200,0.0004315163823775947,0.0006221248186193407,1.0,1.0,2.9429
40300,0.6197230219841003,0.745249330997467,0.8331543207168579,0.7922994494438171,2.9204
40400,0.00022684753639623523,0.0003000539436470717,1.0,1.0,3.0587
40500,0.0005301646888256073,0.0006629055133089423,1.0,1.0,2.9947
40600,0.0006167237879708409,0.0007610845495946705,1.0,1.0,2.9337
40700,0.0005818906938657165,0.0007245932356454432,1.0,1.0,2.8789
40800,0.0005413792678155005,0.0006821673014201224,1.0,1.0,2.8299
40900,0.0005097267567180097,0.0006461308803409338,1.0,1.0,2.7865
41000,0.00022383598843589425,0.00031409470830112696,1.0,1.0,2.8741
41100,0.0004238259862177074,0.0005350572755560279,1.0,1.0,2.8277
41200,0.0006506788777187467,0.0007983382674865425,1.0,1.0,2.7711
41300,0.0006516235298477113,0.0007996835629455745,1.0,1.0,2.7206
41400,0.0006229346035979688,0.0007668416365049779,1.0,1.0,2.6768
41500,0.0005791839212179184,0.0007152663893066347,1.0,1.0,2.6390
41600,0.0005245368811301887,0.000650960486382246,1.0,1.0,2.6061
41700,0.0004667353059630841,0.0005836081109009683,1.0,1.0,2.5772
41800,0.0004258721019141376,0.0005388866411522031,1.0,1.0,2.5518
41900,0.00015026095206849277,0.00021719219512306154,1.0,1.0,2.7069
42000,0.0004280060238670558,0.0005435309722088277,1.0,1.0,2.6584
42100,0.0006547208759002388,0.0007991105667315423,1.0,1.0,2.6088
42200,0.0006593652069568634,0.000806171097792685,1.0,1.0,2.5634
42300,0.0006202950025908649,0.0007666718447580934,1.0,1.0,2.5228
42400,0.0005642682081088424,0.000707600440364331,1.0,1.0,2.4871
42500,0.0005032488843426108,0.0006424491875804961,1.0,1.0,2.4559
42600,0.00046206085244193673,0.0006009307107888162,1.0,1.0,2.4286
42700,0.0004136156931053847,0.000548731884919107,1.0,1.0,2.4051
42800,0.0007723751477897167,0.0014910419704392552,1.0,1.0,2.5250
42900,0.00030122787575237453,0.00041320562013424933,1.0,1.0,2.5111
43000,0.0005884431884624064,0.0007430716650560498,1.0,1.0,2.4687
43100,0.0006325029535219073,0.0007953100139275193,1.0,1.0,2.4300
43200,0.000609449518378824,0.0007750102668069303,1.0,1.0,2.3962
43300,0.0005771763972006738,0.000742619507946074,1.0,1.0,2.3672
43400,0.0005251820548437536,0.0006838708068244159,1.0,1.0,2.3423
43500,0.0004859770415350795,0.0006408360204659402,1.0,1.0,2.3207
43600,0.0004593226476572454,0.000611056515481323,1.0,1.0,2.3019
43700,0.00020061578834429383,0.00026914020418189466,1.0,1.0,2.4053
43800,0.0005114781088195741,0.0006402755388990045,1.0,1.0,2.3684
43900,0.0006013642414472997,0.000745330355130136,1.0,1.0,2.3316
44000,0.0005697262240573764,0.0007130767335183918,1.0,1.0,2.2994
44100,0.0004983140388503671,0.000630605616606772,1.0,1.0,2.2722
44200,0.00042472092900425196,0.0005461235996335745,1.0,1.0,2.2490
44300,0.0003787003515753895,0.0004967881832271814,1.0,1.0,2.2293
44400,0.027897106483578682,0.04534315690398216,1.0,0.996778666973114,2.2552
44500,0.00021514495892915875,0.00029773032292723656,1.0,1.0,2.3382
44600,0.0004915935569442809,0.0006259367219172418,1.0,1.0,2.3016
44700,0.0005577828851528466,0.0007043948862701654,1.0,1.0,2.2692
44800,0.0005416154162958264,0.0006884710164740682,1.0,1.0,2.2420
44900,0.0005159860593266785,0.0006585955270566046,1.0,1.0,2.2192
45000,0.0004847340751439333,0.0006206580437719822,1.0,1.0,2.2003
45100,0.000435145222581923,0.0005618775612674654,1.0,1.0,2.1845
45200,0.00036553843528963625,0.0004812014813069254,1.0,1.0,2.1713
45300,0.001943085459060967,0.003580082207918167,1.0,1.0,2.3195
45400,0.00023644779867026955,0.0003221161896362901,1.0,1.0,2.3448
45500,0.0004934001481160522,0.0006265394622460008,1.0,1.0,2.3071
45600,0.0005659445305354893,0.0007134497864171863,1.0,1.0,2.2727
45700,0.0005508007598109543,0.0007011387497186661,1.0,1.0,2.2430
45800,0.0005227088113315403,0.0006703307735733688,1.0,1.0,2.2178
45900,0.0004925963585264981,0.0006344950525090098,1.0,1.0,2.1967
46000,0.00046170534915290773,0.0005970498314127326,1.0,1.0,2.1808
46100,0.0004116161435376853,0.0005341296782717109,1.0,1.0,2.1695
46200,0.0003551945846993476,0.00046811767970211804,1.0,1.0,2.1590
46300,0.00032147002639248967,0.00043454719707369804,1.0,1.0,2.1495
46400,0.0003013047971762717,0.0004147192230448127,1.0,1.0,2.1427
46500,0.00022785383043810725,0.0003836389514617622,1.0,1.0,2.3786
46600,0.0002602969470899552,0.00036434322828426957,1.0,1.0,2.3617
46700,0.0005196256097406149,0.0006662357482127845,1.0,1.0,2.3252
46800,0.0005811599548906088,0.0007374466513283551,1.0,1.0,2.2904
46900,0.0005728659452870488,0.0007315311231650412,1.0,1.0,2.2601
47000,0.0005506129236891866,0.0007061861688271165,1.0,1.0,2.2345
47100,0.0005140582215972245,0.0006627026596106589,1.0,1.0,2.2140
47200,0.0002303059445694089,0.00030544979381375015,1.0,1.0,2.3195
47300,0.0005647572106681764,0.0007048466359265149,1.0,1.0,2.2846
47400,0.0006240106304176152,0.000777066801674664,1.0,1.0,2.2504
47500,0.0005684408824890852,0.0007136718486435711,1.0,1.0,2.2241
47600,0.0005256670410744846,0.0006649077404290438,1.0,1.0,2.2063
47700,0.0005044428398832679,0.0006402380531653762,1.0,1.0,2.1919
47800,0.0004855244478676468,0.0006187785184010863,1.0,1.0,2.1799
47900,0.00046284557902254164,0.0005939919501543045,1.0,1.0,2.1710
48000,0.00019617850193753839,0.00026902466197498143,1.0,1.0,2.3430
48100,0.0005357380141504109,0.000681438425090164,1.0,1.0,2.3075
48200,0.0006470599328167737,0.0008113961666822433,1.0,1.0,2.2689
48300,0.0006337244994938374,0.0008000854286365211,1.0,1.0,2.2363
48400,0.0005875674542039633,0.0007504706736654043,1.0,1.0,2.2104
48500,0.01092285756021738,0.015355519019067287,0.9996419548988342,0.9995397925376892,2.2113
48600,0.00033482740400359035,0.00044217429240234196,1.0,1.0,2.2681
48700,0.0006011673831380904,0.0007636500522494316,1.0,1.0,2.2352
48800,0.0006054855766706169,0.0007754408870823681,1.0,1.0,2.2074
48900,0.0005611808737739921,0.0007290381472557783,1.0,1.0,2.1854
49000,0.0004946665139868855,0.0006539230234920979,1.0,1.0,2.1679
49100,0.0004284570459276438,0.0005779502680525184,1.0,1.0,2.1544
49200,0.00035520989331416786,0.0004952895105816424,1.0,1.0,2.1439
49300,0.0005104005103930831,0.000795721891336143,1.0,1.0,2.3527
49400,0.0003309085441287607,0.0004524475953076035,1.0,1.0,2.3495
49500,0.0005749808042310178,0.0007440780755132437,1.0,1.0,2.3147
49600,0.0006037620478309691,0.0007833046256564558,1.0,1.0,2.2812
49700,0.0005890689790248871,0.0007694459054619074,1.0,1.0,2.2528
49800,0.0005638535949401557,0.0007380587630905211,1.0,1.0,2.2293
49900,0.0005329182022251189,0.0006970307440496981,1.0,1.0,2.2100
50000,0.0004771839012391865,0.0006246552802622318,1.0,1.0,2.1944
50100,0.0004175355425104499,0.0005501724081113935,1.0,1.0,2.1819
50200,0.00031428542570210993,0.0005256492295302451,1.0,1.0,2.3528
50300,0.0003153657598886639,0.0004295899998396635,1.0,1.0,2.3380
50400,0.0005629522493109107,0.0007131944294087589,1.0,1.0,2.3016
50500,0.0005865294951945543,0.0007463354850187898,1.0,1.0,2.2691
50600,0.0005397415370680392,0.0006997699965722859,1.0,1.0,2.2426
50700,0.00046756473602727056,0.0006216244655661285,1.0,1.0,2.2205
50800,0.00040649223956279457,0.0005521235289052129,1.0,1.0,2.2015
50900,0.0003642935480456799,0.0005024579004384577,1.0,1.0,2.1853
51000,0.0003292631881777197,0.0004609425086528063,1.0,1.0,2.1715
51100,0.0002938075049314648,0.00041876203613355756,1.0,1.0,2.1600
51200,0.0004178748349659145,0.0005921578849665821,1.0,1.0,2.1503
51300,0.00015631552378181368,0.00023582478752359748,1.0,1.0,2.3817
51400,0.00042651582043617964,0.0005847059655934572,1.0,1.0,2.3467
51500,0.0005377886118367314,0.0007157276850193739,1.0,1.0,2.3092
51600,0.0005392944440245628,0.0007199417450465262,1.0,1.0,2.2774
51700,0.0005095580127090216,0.0006801270646974444,1.0,1.0,2.2512
51800,0.00044672732474282384,0.0005989450728520751,1.0,1.0,2.2293
51900,0.0003842912265099585,0.0005266956868581474,1.0,1.0,2.2105
52000,0.09381215274333954,0.11562731862068176,0.980307936668396,0.9745359420776367,2.1965
52100,0.00020719172607641667,0.0002868176670745015,1.0,1.0,2.3247
52200,0.0005158554995432496,0.0006637810147367418,1.0,1.0,2.2897
52300,0.0005779954371973872,0.0007365309284068644,1.0,1.0,2.2554
52400,0.0005526561290025711,0.000707246595993638,1.0,1.0,2.2282
52500,0.0005092193023301661,0.0006568231619894505,1.0,1.0,2.2067
52600,0.00048388479626737535,0.000627096917014569,1.0,1.0,2.1927
52700,0.0004987402353435755,0.0006623012595809996,1.0,1.0,2.1833
52800,0.00022729816555511206,0.0003071891551371664,1.0,1.0,2.3223
52900,0.00054266577353701,0.00069246074417606,1.0,1.0,2.2889
53000,0.0005795873003080487,0.0007398840389214456,1.0,1.0,2.2557
53100,0.0005320391501300037,0.0006877818377688527,1.0,1.0,2.2289
53200,0.00045540882274508476,0.0006013813544996083,1.0,1.0,2.2074
53300,0.0003730007156264037,0.0005077548557892442,1.0,1.0,2.1899
53400,0.00029243979952298105,0.0004123833787161857,1.0,1.0,2.1743
53500,0.0001372105471091345,0.00019492120190989226,1.0,1.0,2.3878
53600,0.00042119607678614557,0.0005501588457264006,1.0,1.0,2.3516
53700,0.0005733289290219545,0.0007266115862876177,1.0,1.0,2.3099
53800,0.0005752214347012341,0.0007311822264455259,1.0,1.0,2.2743
53900,0.0005465558497235179,0.0006965165957808495,1.0,1.0,2.2455
54000,0.0005033588968217373,0.0006427821354009211,1.0,1.0,2.2226
54100,0.0004512708110269159,0.000579195620957762,1.0,1.0,2.2064
54200,0.0004004861111752689,0.0005223279586061835,1.0,1.0,2.1946
54300,0.000914924661628902,0.001661426853388548,1.0,1.0,2.3293
54400,0.000286161492113024,0.00038528721779584885,1.0,1.0,2.3344
54500,0.0005378358764573932,0.0006829343619756401,1.0,1.0,2.2933
54600,0.0005710899131372571,0.0007243187283165753,1.0,1.0,2.2569
54700,0.000546468363609165,0.0007027102983556688,1.0,1.0,2.2285
54800,0.0005009984597563744,0.0006569795659743249,1.0,1.0,2.2053
54900,0.000450798193924129,0.000604752916842699,1.0,1.0,2.1855
55000,0.0001968034339370206,0.00026624673046171665,1.0,1.0,2.2723
55100,0.0005045749712735415,0.0006476338603533804,1.0,1.0,2.2372
55200,0.0005417072679847479,0.0006981297046877444,1.0,1.0,2.2048
55300,0.0004988011787645519,0.0006539557944051921,1.0,1.0,2.1798
55400,0.00044956940109841526,0.0006002794834785163,1.0,1.0,2.1609
55500,0.00039944570744410157,0.0005420209490694106,1.0,1.0,2.1485
55600,0.555780827999115,0.5927271246910095,0.8306480646133423,0.819911003112793,2.1433
55700,0.00018070971418637782,0.000262512534391135,1.0,1.0,2.3381
55800,0.00047187739983201027,0.000622257124632597,1.0,1.0,2.2997
55900,0.0005482949782162905,0.0007150841993279755,1.0,1.0,2.2624
56000,0.0005135118262842298,0.0006828627083450556,1.0,1.0,2.2328
56100,0.000479687936604023,0.0006459233700297773,1.0,1.0,2.2088
56200,0.0004472512227948755,0.0006056145066395402,1.0,1.0,2.1894
56300,0.0003903547185473144,0.0005344189121387899,1.0,1.0,2.1740
56400,0.00014791825378779322,0.00022566039115190506,1.0,1.0,2.3137
56500,0.0004383380291983485,0.0005894005880691111,1.0,1.0,2.2795
56600,0.0005436724750325084,0.0007094203610904515,1.0,1.0,2.2442
56700,0.0005309638800099492,0.0006970175891183317,1.0,1.0,2.2153
56800,0.000503222574479878,0.0006648205453529954,1.0,1.0,2.1920
56900,0.0004750500957015902,0.0006308185984380543,1.0,1.0,2.1743
57000,0.00044379630708135664,0.000589319970458746,1.0,1.0,2.1623
57100,0.0003948395315092057,0.0005290029803290963,1.0,1.0,2.1544
57200,0.0003322719712741673,0.0006139419274404645,1.0,1.0,2.3581
57300,0.0002912181371357292,0.0004183060664217919,1.0,1.0,2.3378
57400,0.0005524754524230957,0.0007181751425378025,1.0,1.0,2.2954
57500,0.0005854184273630381,0.0007543872343376279,1.0,1.0,2.2576
57600,0.000538588676135987,0.0006997929303906858,1.0,1.0,2.2277
57700,0.000475002103485167,0.0006242772215045989,1.0,1.0,2.2039
57800,0.0005078582908026874,0.0008068453171290457,1.0,1.0,2.3349
57900,0.0002964068844448775,0.0004109918372705579,1.0,1.0,2.3270
58000,0.0006013675592839718,0.0007733808015473187,1.0,1.0,2.2838
58100,0.0006440022261813283,0.0008282159687951207,1.0,1.0,2.2441
58200,0.0006020269938744605,0.0007821068866178393,1.0,1.0,2.2114
58300,0.000556326296646148,0.0007288678898476064,1.0,1.0,2.1853
58400,0.0005106199532747269,0.0006747494335286319,1.0,1.0,2.1670
58500,0.0004796854918822646,0.0006435266113840044,1.0,1.0,2.1542
58600,0.00024397463130299002,0.0003413428785279393,1.0,1.0,2.2657
58700,0.0005429465672932565,0.0007094882894307375,1.0,1.0,2.2286
58800,0.0005656149005517364,0.0007393754785880446,1.0,1.0,2.1941
58900,0.0005219424492679536,0.0006885743350721896,1.0,1.0,2.1664
59000,0.0004524702671915293,0.000604320433922112,1.0,1.0,2.1437
59100,0.0003838172124233097,0.0005207998328842223,1.0,1.0,2.1249
59200,0.00034150018473155797,0.00047600973630324006,1.0,1.0,2.1090
59300,0.00030322608654387295,0.0004372055409476161,1.0,1.0,2.0958
59400,0.0001217125027324073,0.0001939057547133416,1.0,1.0,2.3141
59500,0.00038745254278182983,0.0005321507924236357,1.0,1.0,2.2775
59600,0.0005498194950632751,0.0007151758763939142,1.0,1.0,2.2343
59700,0.0005527371540665627,0.0007200594991445541,1.0,1.0,2.1973
59800,0.0005240405444055796,0.0006854193634353578,1.0,1.0,2.1665
59900,0.0004919110215269029,0.0006458986317738891,1.0,1.0,2.1407
60000,0.0004666971508413553,0.0006150499102659523,1.0,1.0,2.1192
60100,0.00044576506479643285,0.0005901245167478919,1.0,1.0,2.1022
60200,0.00042485567973926663,0.0005628945073112845,1.0,1.0,2.0912
60300,0.00039508554618805647,0.0005286131054162979,1.0,1.0,2.0833
60400,0.716463565826416,0.7694159746170044,0.7984246611595154,0.7834023833274841,2.0790
60500,0.00018601164629217237,0.0002668466477189213,1.0,1.0,2.2879
60600,0.00046507210936397314,0.0006048858631402254,1.0,1.0,2.2490
60700,0.0005508188041858375,0.000703602097928524,1.0,1.0,2.2081
60800,0.0005365897668525577,0.0006905294139869511,1.0,1.0,2.1743
60900,0.000504819443449378,0.0006534787244163454,1.0,1.0,2.1473
61000,0.00046521564945578575,0.0006070049130357802,1.0,1.0,2.1268
61100,0.00016590714221820235,0.00023087236331775784,1.0,1.0,2.2153
61200,0.00047125801211223006,0.0006067405338399112,1.0,1.0,2.1843
61300,0.0005402196547947824,0.0006892269593663514,1.0,1.0,2.1504
61400,0.0005155709222890437,0.0006625400274060667,1.0,1.0,2.1234
61500,0.0004753776593133807,0.000614662712905556,1.0,1.0,2.1017
61600,0.000422329583670944,0.0005498760147020221,1.0,1.0,2.0840
61700,0.0003780297702178359,0.0004988344735465944,1.0,1.0,2.0696
61800,0.00034422046155668795,0.0004642237618099898,1.0,1.0,2.0587
61900,0.00031585441320203245,0.00043611699948087335,1.0,1.0,2.0518
62000,0.00014117082173470408,0.0002103830047417432,1.0,1.0,2.3401
62100,0.0003802953870035708,0.0005138536798767745,1.0,1.0,2.3060
62200,0.0005663282936438918,0.000719171657692641,1.0,1.0,2.2627
62300,0.0005773045704700053,0.0007313642418012023,1.0,1.0,2.2226
62400,0.0005527447792701423,0.0007042551878839731,1.0,1.0,2.1897
62500,0.0004928004345856607,0.0006331736221909523,1.0,1.0,2.1659
62600,0.0004036285390611738,0.0005273139686323702,1.0,1.0,2.1495
62700,0.00034856711863540113,0.00046476759598590434,1.0,1.0,2.1361
62800,0.00015664621605537832,0.00022482893837150186,1.0,1.0,2.3032
62900,0.000450088526122272,0.0005787143600173295,1.0,1.0,2.2633
63000,0.0005805698456242681,0.0007196393562480807,1.0,1.0,2.2189
63100,0.0005718892207369208,0.0007097924826666713,1.0,1.0,2.1812
63200,0.000498675275593996,0.0006215849425643682,1.0,1.0,2.1554
63300,0.00046946038492023945,0.0005890069878660142,1.0,1.0,2.1368
63400,0.000409092492191121,0.0005277996533550322,1.0,1.0,2.1228
63500,0.00017066433792933822,0.00023739699099678546,1.0,1.0,2.2262
63600,0.0004914915771223605,0.0006219825590960681,1.0,1.0,2.1875
63700,0.0005877501098439097,0.0007302607991732657,1.0,1.0,2.1475
63800,0.0005699605098925531,0.0007109809666872025,1.0,1.0,2.1154
63900,0.0005292565329000354,0.0006648701382800937,1.0,1.0,2.0905
64000,0.000483346899272874,0.0006121512851677835,1.0,1.0,2.0722
64100,0.0004372332477942109,0.000559047213755548,1.0,1.0,2.0598
64200,0.02638029307126999,0.038867127150297165,0.9992839097976685,0.996778666973114,2.1416
64300,0.00024164729984477162,0.00032111743348650634,1.0,1.0,2.2429
64400,0.0005405487027019262,0.0006731266621500254,1.0,1.0,2.1993
64500,0.0005961782298982143,0.0007363414624705911,1.0,1.0,2.1556
64600,0.0005768684204667807,0.0007157932850532234,1.0,1.0,2.1186
64700,0.0005241184262558818,0.0006551266997121274,1.0,1.0,2.0882
64800,0.00047598895616829395,0.0006017597625032067,1.0,1.0,2.0633
64900,0.0004285064060240984,0.0005501123960129917,1.0,1.0,2.0431
65000,0.00034383669844828546,0.00045610754750669,1.0,1.0,2.0274
65100,0.0009486795752309263,0.0017269821837544441,1.0,1.0,2.1938
65200,0.00026797165628522635,0.00037238834192976356,1.0,1.0,2.2016
65300,0.000515121326316148,0.0006582334754057229,1.0,1.0,2.1594
65400,0.0005439844680950046,0.0006889314390718937,1.0,1.0,2.1205
65500,0.0005281572230160236,0.0006691224407404661,1.0,1.0,2.0883
65600,0.0005055104847997427,0.0006397723336704075,1.0,1.0,2.0620
65700,0.00048148565110750496,0.000608808477409184,1.0,1.0,2.0408
65800,0.0004478138289414346,0.0005678787711076438,1.0,1.0,2.0242
65900,0.000398355012293905,0.0005111778737045825,1.0,1.0,2.0114
66000,0.00048817016067914665,0.0007239824626594782,1.0,1.0,2.2389
66100,0.0003197600017301738,0.00042160809971392155,1.0,1.0,2.2301
66200,0.0005477112135849893,0.0006900475709699094,1.0,1.0,2.1875
66300,0.0005622113822028041,0.0007077411864884198,1.0,1.0,2.1463
66400,0.0005234889104031026,0.0006643718807026744,1.0,1.0,2.1118
66500,0.000461647636257112,0.0005933616193942726,1.0,1.0,2.0849
66600,0.00040119836921803653,0.0005246615037322044,1.0,1.0,2.0674
66700,0.0003551953413989395,0.0004731481894850731,1.0,1.0,2.0547
66800,0.0003238509234506637,0.00043750801705755293,1.0,1.0,2.0451
66900,0.2741123139858246,0.35256433486938477,0.9305406212806702,0.9078079462051392,2.0749
67000,0.00020351797866169363,0.000297748512821272,1.0,1.0,2.2664
67100,0.000492180057335645,0.0006478736759163439,1.0,1.0,2.2207
67200,0.0005822927923873067,0.0007499831262975931,1.0,1.0,2.1755
67300,0.0005771837895736098,0.0007454834994859993,1.0,1.0,2.1368
67400,0.0005561704747378826,0.0007215102086775005,1.0,1.0,2.1051
67500,0.0005273249698802829,0.0006878228159621358,1.0,1.0,2.0792
67600,0.0004865902883466333,0.00064037402626127,1.0,1.0,2.0596
67700,0.00023309062817133963,0.0003199343627784401,1.0,1.0,2.1436
67800,0.0005421140231192112,0.0006999775068834424,1.0,1.0,2.1052
67900,0.0005846582353115082,0.0007542025414295495,1.0,1.0,2.0682
68000,0.0005607621860690415,0.0007290578214451671,1.0,1.0,2.0390
68100,0.0005256139556877315,0.0006874441169202328,1.0,1.0,2.0178
68200,0.00047504378017038107,0.0006234234315343201,1.0,1.0,2.0064
68300,0.05464828386902809,0.07627122104167938,0.994629442691803,0.9894155263900757,2.0256
68400,0.0002777133777271956,0.000373731687432155,1.0,1.0,2.1363
68500,0.0005404887488111854,0.0006942935287952423,1.0,1.0,2.1009
68600,0.0005523200961761177,0.0007159393862821162,1.0,1.0,2.0684
68700,0.0005050618201494217,0.0006653354503214359,1.0,1.0,2.0425
68800,0.0004415250732563436,0.0005927168531343341,1.0,1.0,2.0212
68900,0.00038474699249491096,0.0005265076761133969,1.0,1.0,2.0032
69000,0.00027647861861623824,0.00041889058775268495,1.0,1.0,2.1913
69100,0.00031741333077661693,0.00042907288298010826,1.0,1.0,2.1801
69200,0.0005387396668083966,0.0006961595499888062,1.0,1.0,2.1410
69300,0.0005474613280966878,0.0007107009296305478,1.0,1.0,2.1046
69400,0.000518506218213588,0.0006777832168154418,1.0,1.0,2.0747
69500,0.00047738582361489534,0.0006287396536208689,1.0,1.0,2.0511
69600,0.0004296501283533871,0.0005717205349355936,1.0,1.0,2.0339
69700,0.0003818167606368661,0.0005154912360012531,1.0,1.0,2.0214
69800,0.00034786175820045173,0.00048015930224210024,1.0,1.0,2.0110
69900,0.0002635860291775316,0.00043710603495128453,1.0,1.0,2.2146
70000,0.0003201945510227233,0.0004513357416726649,1.0,1.0,2.1956
70100,0.0005296417511999607,0.0006908549112267792,1.0,1.0,2.1526
70200,0.0005502058193087578,0.0007160773384384811,1.0,1.0,2.1131
70300,0.0005360937211662531,0.0007001339690759778,1.0,1.0,2.0799
70400,0.0005143267335370183,0.0006722178077325225,1.0,1.0,2.0524
70500,0.0004922022926621139,0.0006431027431972325,1.0,1.0,2.0307
70600,0.00047123164404183626,0.0006174285663291812,1.0,1.0,2.0150
70700,0.0004380076134111732,0.0005715982406400144,1.0,1.0,2.0016
70800,0.00037594078457914293,0.000496267864946276,1.0,1.0,1.9907
70900,0.00023952404444571584,0.0003670716832857579,1.0,1.0,2.1750
71000,0.000313509110128507,0.00042066030437126756,1.0,1.0,2.1508
71100,0.0005138400592841208,0.0006589622353203595,1.0,1.0,2.1088
71200,0.0005231861723586917,0.0006730594905093312,1.0,1.0,2.0715
71300,0.00048797743511386216,0.0006336680380627513,1.0,1.0,2.0426
71400,0.0004393227573018521,0.000576455204281956,1.0,1.0,2.0223
71500,0.0003995416045654565,0.0005301177152432501,1.0,1.0,2.0079
71600,0.00014479343371931463,0.0002123546291841194,1.0,1.0,2.1693
71700,0.00043474751873873174,0.000576027377974242,1.0,1.0,2.1347
71800,0.0005657192086800933,0.000730192638002336,1.0,1.0,2.0944
71900,0.0005542264552786946,0.0007204534485936165,1.0,1.0,2.0613
72000,0.0004997508367523551,0.0006568829994648695,1.0,1.0,2.0366
72100,0.00042755412869155407,0.0005726427771151066,1.0,1.0,2.0195
72200,0.0001513062306912616,0.00021750200539827347,1.0,1.0,2.1528
72300,0.00046776491217315197,0.0006114373099990189,1.0,1.0,2.1170
72400,0.0005743807996623218,0.0007372705731540918,1.0,1.0,2.0780
72500,0.0005567360785789788,0.0007216004887595773,1.0,1.0,2.0469
72600,0.0005191910313442349,0.0006789456820115447,1.0,1.0,2.0223
72700,0.00048233833513222635,0.0006357117090374231,1.0,1.0,2.0049
72800,0.00044823079952038825,0.0005962792783975601,1.0,1.0,1.9903
72900,0.00039372191531583667,0.0005307010724209249,1.0,1.0,1.9827
73000,0.0003328539605718106,0.000453359039966017,1.0,1.0,1.9754
73100,0.00027260457864031196,0.0003783198771998286,1.0,1.0,1.9690
73200,0.03053601086139679,0.05165598541498184,0.9967776536941528,0.9946310520172119,2.0983
73300,0.00018097538850270212,0.0002793259918689728,1.0,1.0,2.2449
73400,0.0004368092631921172,0.0005941790877841413,1.0,1.0,2.1974
73500,0.0005279174656607211,0.0006939448649063706,1.0,1.0,2.1481
73600,0.0005241103935986757,0.0006897955317981541,1.0,1.0,2.1060
73700,0.0004988993750885129,0.0006575453444384038,1.0,1.0,2.0723
73800,0.00046430021757259965,0.0006134342402219772,1.0,1.0,2.0475
73900,0.0004241311689838767,0.0005636131973005831,1.0,1.0,2.0306
74000,0.22301843762397766,0.2873682677745819,0.9534550905227661,0.9384874701499939,2.0305
74100,0.0001929932477651164,0.00027165241772308946,1.0,1.0,2.1885
74200,0.0004764354962389916,0.0006192809669300914,1.0,1.0,2.1444
74300,0.000546451541595161,0.0006984588108025491,1.0,1.0,2.0996
74400,0.0005304201622493565,0.000681391975376755,1.0,1.0,2.0634
74500,0.0004999566008336842,0.0006460416479967535,1.0,1.0,2.0352
74600,0.0004698998818639666,0.0006133781280368567,1.0,1.0,2.0133
74700,0.00044110481394454837,0.0005841623642481863,1.0,1.0,1.9970
74800,0.0001461801293771714,0.00021926990302745253,1.0,1.0,2.1949
74900,0.00040066716610454023,0.0005352423177100718,1.0,1.0,2.1587
75000,0.0005822857492603362,0.000743154319934547,1.0,1.0,2.1112
75100,0.0005816712509840727,0.0007432636921294034,1.0,1.0,2.0752
75200,0.0005471483455039561,0.0006995005533099174,1.0,1.0,2.0521
75300,0.0004974330076947808,0.0006399643025361001,1.0,1.0,2.0365
75400,0.0004437511379364878,0.0005793708842247725,1.0,1.0,2.0247
75500,0.0006282394169829786,0.0010618158848956227,1.0,1.0,2.1754
75600,0.000334832351654768,0.0004623064596671611,1.0,1.0,2.1657
75700,0.000559598789550364,0.0007209384348243475,1.0,1.0,2.1186
75800,0.0005717111635021865,0.0007339237490668893,1.0,1.0,2.0763
75900,0.000538302178028971,0.0006941730389371514,1.0,1.0,2.0424
76000,0.0004904555389657617,0.0006368646281771362,1.0,1.0,2.0150
76100,0.0004443697107490152,0.0005815246840938926,1.0,1.0,1.9926
76200,0.00034332796349190176,0.0004928772686980665,1.0,1.0,2.1706
76300,0.00033163107582367957,0.00044094130862504244,1.0,1.0,2.1531
76400,0.0005551503272727132,0.0007052518776617944,1.0,1.0,2.1088
76500,0.0005653657135553658,0.0007209832547232509,1.0,1.0,2.0697
76600,0.0005309950793161988,0.0006836188258603215,1.0,1.0,2.0426
76700,0.0004895686288364232,0.0006344045395962894,1.0,1.0,2.0246
76800,0.00046293853665702045,0.0006036583799868822,1.0,1.0,2.0104
76900,0.003541011130437255,0.006026995833963156,1.0,0.9998465776443481,2.0870
77000,0.00027169499662704766,0.0003670836740639061,1.0,1.0,2.1366
77100,0.000532489619217813,0.0006834884406998754,1.0,1.0,2.0949
77200,0.0005499175167642534,0.0007087435224093497,1.0,1.0,2.0569
77300,0.0005126313772052526,0.0006704885163344443,1.0,1.0,2.0264
77400,0.0004650387563742697,0.0006181375356391072,1.0,1.0,2.0010
77500,0.000419907970353961,0.0005666728829964995,1.0,1.0,1.9793
77600,0.000381573656341061,0.000520517525728792,1.0,1.0,1.9606
77700,0.00017315747390966862,0.00025986411492340267,1.0,1.0,2.2000
77800,0.0003420650609768927,0.0004636717203538865,1.0,1.0,2.1676
77900,0.0005562567384913564,0.0007099634385667741,1.0,1.0,2.1219
78000,0.0005739859188906848,0.0007329710642807186,1.0,1.0,2.0825
78100,0.000546971510630101,0.0007030520937405527,1.0,1.0,2.0505
78200,0.0004973627510480583,0.0006433016969822347,1.0,1.0,2.0245
78300,0.0004415530420374125,0.0005768813425675035,1.0,1.0,2.0030
78400,0.00040008497308008373,0.0005302942590788007,1.0,1.0,1.9854
78500,0.0003680421505123377,0.0004963353858329356,1.0,1.0,1.9720
78600,0.00034009452792815864,0.0004658975813072175,1.0,1.0,1.9628
78700,0.00013758678687736392,0.00020782304636668414,1.0,1.0,2.1693
78800,0.0004140444507356733,0.0005573089583776891,1.0,1.0,2.1283
78900,0.0005627754144370556,0.000728381157387048,1.0,1.0,2.0834
79000,0.0005605764454230666,0.0007278237026184797,1.0,1.0,2.0470
79100,0.0005284911603666842,0.0006899132858961821,1.0,1.0,2.0185
79200,0.000496122520416975,0.0006477845599874854,1.0,1.0,1.9980
79300,0.0004333521064836532,0.0005784902605228126,1.0,1.0,1.9841
79400,0.002191927284002304,0.004343622364103794,1.0,1.0,2.0984
79500,0.0002833970356732607,0.0004051716532558203,1.0,1.0,2.1145
79600,0.0005597140989266336,0.0007299258722923696,1.0,1.0,2.0674
79700,0.0006017180276103318,0.0007777003920637071,1.0,1.0,2.0264
79800,0.0005703291390091181,0.0007425124640576541,1.0,1.0,1.9965
79900,0.0005110499914735556,0.0006733547779731452,1.0,1.0,1.9776
80000,0.0004577253421302885,0.0006139887846074998,1.0,1.0,1.9643
80100,0.000402888807002455,0.0005559689598158002,1.0,1.0,1.9532
80200,0.001543640741147101,0.0026986226439476013,1.0,1.0,2.0646
80300,0.0002871729666367173,0.00040787053876556456,1.0,1.0,2.0815
80400,0.0005450625321827829,0.0007257945835590363,1.0,1.0,2.0389
80500,0.0005720466142520308,0.0007616144721396267,1.0,1.0,2.0026
80600,0.000549978343769908,0.0007370398379862309,1.0,1.0,1.9741
80700,0.0005223274929448962,0.0007020972552709281,1.0,1.0,1.9510
80800,0.0004942251835018396,0.0006650045979768038,1.0,1.0,1.9326
80900,0.0004461789794731885,0.0005998957203701138,1.0,1.0,1.9197
81000,0.00013697930262424052,0.00020449153089430183,1.0,1.0,2.0952
81100,0.0004378420999273658,0.0005837608478032053,1.0,1.0,2.0588
81200,0.0005872072651982307,0.0007594486232846975,1.0,1.0,2.0173
81300,0.0005814293981529772,0.0007547269924543798,1.0,1.0,1.9852
81400,0.0005429204902611673,0.000703617581166327,1.0,1.0,1.9647
81500,0.0004960362566635013,0.0006498537259176373,1.0,1.0,1.9491
81600,0.0006724110571667552,0.0010343557223677635,1.0,1.0,2.0094
81700,0.00036191297112964094,0.00048461760161444545,1.0,1.0,2.0005
81800,0.0005330278654582798,0.0006945860804989934,1.0,1.0,1.9668
81900,0.0005124334711581469,0.0006766451406292617,1.0,1.0,1.9404
82000,0.00046972109703347087,0.0006278271321207285,1.0,1.0,1.9187
82100,0.0004287433694116771,0.000578594277612865,1.0,1.0,1.9015
82200,0.002828015247359872,0.004684896674007177,1.0,1.0,2.1044
82300,0.0002881528052967042,0.0004064146487507969,1.0,1.0,2.1367
82400,0.0005657744477503002,0.0007203170098364353,1.0,1.0,2.0914
82500,0.0006302409456111491,0.000792663253378123,1.0,1.0,2.0477
82600,0.0006254573236219585,0.0007963673560880125,1.0,1.0,2.0113
82700,0.0006047745700925589,0.0007767109200358391,1.0,1.0,1.9805
82800,0.0005790001014247537,0.0007450881530530751,1.0,1.0,1.9546
82900,0.0002159043651772663,0.00028820225270465016,1.0,1.0,2.0472
83000,0.0005571154179051518,0.0007026434177532792,1.0,1.0,2.0144
83100,0.0006378025282174349,0.0008011673926375806,1.0,1.0,1.9778
83200,0.0005871965549886227,0.0007414855062961578,1.0,1.0,1.9475
83300,0.0005147905903868377,0.0006541414186358452,1.0,1.0,1.9236
83400,0.00046869844663888216,0.000599815568421036,1.0,1.0,1.9079
83500,0.00042532687075436115,0.0005496311350725591,1.0,1.0,1.8976
83600,0.00039613127592019737,0.0005199241568334401,1.0,1.0,1.8902
83700,0.0005741993663832545,0.0009544108179397881,1.0,1.0,2.0532
83800,0.0003433946694713086,0.000456916430266574,1.0,1.0,2.0461
83900,0.0005620000301860273,0.0007153592305257916,1.0,1.0,2.0071
84000,0.0005621099262498319,0.0007195555954240263,1.0,1.0,1.9754
84100,0.0005300118355080485,0.000688089756295085,1.0,1.0,1.9506
84200,0.0004952778690494597,0.0006547176162712276,1.0,1.0,1.9300
84300,0.0004980688099749386,0.0006537237204611301,1.0,1.0,1.9137
84400,0.00023112718190532178,0.00032231039949692786,1.0,1.0,2.0776
84500,0.0005477834492921829,0.0007058108458295465,1.0,1.0,2.0369
84600,0.0006144881481304765,0.0007846535881981254,1.0,1.0,1.9950
84700,0.0005878047668375075,0.0007549874135293067,1.0,1.0,1.9605
84800,0.0005371886654756963,0.0006942831096239388,1.0,1.0,1.9331
84900,0.0004892905126325786,0.0006372263305820525,1.0,1.0,1.9115
85000,0.0027625360526144505,0.005106421187520027,1.0,0.9998465776443481,2.0500
85100,0.00028582688537426293,0.00039329950232058764,1.0,1.0,2.0810
85200,0.0005917040980421007,0.0007570965099148452,1.0,1.0,2.0405
85300,0.0006410535424947739,0.0008197365677915514,1.0,1.0,2.0034
85400,0.000610667746514082,0.0007888332474976778,1.0,1.0,1.9743
85500,0.0005553551600314677,0.0007256190874613822,1.0,1.0,1.9520
85600,0.0005017772782593966,0.0006622133078053594,1.0,1.0,1.9350
85700,0.00046240852680057287,0.00061598647153005,1.0,1.0,1.9219
85800,0.00020969232718925923,0.0003013602108694613,1.0,1.0,2.0466
85900,0.0004217076930217445,0.0005567347398027778,1.0,1.0,2.0188
86000,0.0005869889282621443,0.0007516489713452756,1.0,1.0,1.9801
86100,0.0005841644015163183,0.0007502513471990824,1.0,1.0,1.9495
86200,0.000556662620510906,0.000716131238732487,1.0,1.0,1.9319
86300,0.0005236479919403791,0.0006790220504626632,1.0,1.0,1.9219
86400,0.0004891959833912551,0.0006377535755746067,1.0,1.0,1.9149
86500,0.0004306946648284793,0.0005643900367431343,1.0,1.0,1.9081
86600,0.00038194647640921175,0.0005061686970293522,1.0,1.0,1.9010
86700,0.0003210231370758265,0.0005247772205621004,1.0,1.0,2.0948
86800,0.00030273740412667394,0.00042208872037008405,1.0,1.0,2.0724
86900,0.0005554975941777229,0.0007211609627120197,1.0,1.0,2.0283
87000,0.0005815348122268915,0.0007524501997977495,1.0,1.0,1.9897
87100,0.0005551265203393996,0.0007219974067993462,1.0,1.0,1.9620
87200,0.0004926716792397201,0.0006443500169552863,1.0,1.0,1.9452
87300,0.0004726690531242639,0.0006215124158188701,1.0,1.0,1.9319
87400,0.0004296549886930734,0.0005759670166298747,1.0,1.0,1.9269
87500,0.00020756208687089384,0.000294483732432127,1.0,1.0,2.0629
87600,0.0005202697357162833,0.0006867631454952061,1.0,1.0,2.0208
87700,0.0005749902338720858,0.0007521932711824775,1.0,1.0,1.9801
87800,0.0005433118785731494,0.0007152667967602611,1.0,1.0,1.9491
87900,0.0004848832031711936,0.0006474071997217834,1.0,1.0,1.9298
88000,0.0052483719773590565,0.00869158934801817,1.0,0.9996932148933411,1.9198
88100,0.00026551351766102016,0.0003665857657324523,1.0,1.0,2.0507
88200,0.0005480880499817431,0.0007167846779339015,1.0,1.0,2.0149
88300,0.0005702414200641215,0.0007447056123055518,1.0,1.0,1.9826
88400,0.0005430497694760561,0.0007142723188735545,1.0,1.0,1.9578
88500,0.0005120137357152998,0.0006799330003559589,1.0,1.0,1.9401
88600,0.00047282775631174445,0.000632358540315181,1.0,1.0,1.9311
88700,0.003792783012613654,0.006133148912340403,1.0,1.0,2.0792
88800,0.0003070955572184175,0.0004292289959266782,1.0,1.0,2.1359
88900,0.000579090672545135,0.0007452461286447942,1.0,1.0,2.0890
89000,0.0006185374222695827,0.0007881439523771405,1.0,1.0,2.0432
89100,0.0005994006060063839,0.000767068297136575,1.0,1.0,2.0060
89200,0.0005698288441635668,0.0007350548985414207,1.0,1.0,1.9767
89300,0.0005370565340854228,0.0006969500100240111,1.0,1.0,1.9525
89400,0.00025613009347580373,0.00037807124317623675,1.0,1.0,2.1061
89500,0.00042687036329880357,0.000572683522477746,1.0,1.0,2.0765
89600,0.0005776689504273236,0.0007436236483044922,1.0,1.0,2.0300
89700,0.0005533662042580545,0.0007157371728681028,1.0,1.0,1.9897
89800,0.0004987213760614395,0.0006539651658385992,1.0,1.0,1.9629
89900,0.00043367623584344983,0.0005764251109212637,1.0,1.0,1.9479
90000,0.00037913647247478366,0.0005135981482453644,1.0,1.0,1.9405
90100,0.0008682149345986545,0.0018399747787043452,1.0,1.0,2.1259
90200,0.00027741462690755725,0.00041341769974678755,1.0,1.0,2.1320
90300,0.0005187669303268194,0.0006987551460042596,1.0,1.0,2.0827
90400,0.0005453217308968306,0.0007267831242643297,1.0,1.0,2.0395
90500,0.0005042614066042006,0.0006774319335818291,1.0,1.0,2.0087
90600,0.00044185479055158794,0.0006013010279275477,1.0,1.0,1.9893
90700,0.000406929844757542,0.0005612791865132749,1.0,1.0,1.9759
90800,0.000364884443115443,0.0005155154503881931,1.0,1.0,1.9658
90900,0.11346764117479324,0.19371362030506134,0.9849624037742615,0.9671728610992432,2.0303
91000,0.000212387865758501,0.0003248860884923488,1.0,1.0,2.1820
91100,0.0004959262441843748,0.0006760761607438326,1.0,1.0,2.1268
91200,0.0005647237412631512,0.0007509591523557901,1.0,1.0,2.0705
91300,0.0005535982782021165,0.0007353729452006519,1.0,1.0,2.0252
91400,0.0005237694131210446,0.0006946834037080407,1.0,1.0,1.9891
91500,0.0004765471676364541,0.0006322744302451611,1.0,1.0,1.9606
91600,0.00042031455086544156,0.0005615734262391925,1.0,1.0,1.9416
91700,0.00014560038107447326,0.00020812751608900726,1.0,1.0,2.1712
91800,0.000415339192841202,0.0005398506764322519,1.0,1.0,2.1250
91900,0.0005816342891193926,0.0007353632827289402,1.0,1.0,2.0690
92000,0.0005838622455485165,0.0007389188394881785,1.0,1.0,2.0206
92100,0.0005605606711469591,0.0007102086674422026,1.0,1.0,1.9857
92200,0.0005300834309309721,0.0006689849542453885,1.0,1.0,1.9648
92300,0.000496491848025471,0.0006304088747128844,1.0,1.0,1.9530
92400,0.002248611068353057,0.0034298256505280733,1.0,1.0,2.0284
92500,0.0003397506370674819,0.0004468141996767372,1.0,1.0,2.0486
92600,0.0005333901499398053,0.0006801311392337084,1.0,1.0,2.0041
92700,0.0004986710264347494,0.0006461683078669012,1.0,1.0,1.9688
92800,0.00044970272574573755,0.0005926156300120056,1.0,1.0,1.9405
92900,0.00040306264418177307,0.0005415711202658713,1.0,1.0,1.9204
93000,0.0003625004319474101,0.0004956349730491638,1.0,1.0,1.9091
93100,0.00014067342272028327,0.00021527466014958918,1.0,1.0,2.0802
93200,0.00039817788638174534,0.0005335661699064076,1.0,1.0,2.0390
93300,0.0005739713669754565,0.0007347114151343703,1.0,1.0,1.9913
93400,0.0005734931910410523,0.0007305542239919305,1.0,1.0,1.9510
93500,0.0005449726595543325,0.0006900245207361877,1.0,1.0,1.9231
93600,0.0005198533181101084,0.0006622641230933368,1.0,1.0,1.9071
93700,0.00016584500554017723,0.0002288546966155991,1.0,1.0,2.0048
93800,0.00045996898552402854,0.0005865460843779147,1.0,1.0,1.9693
93900,0.0005686469958163798,0.0007129448349587619,1.0,1.0,1.9297
94000,0.0005352608859539032,0.0006737347575835884,1.0,1.0,1.8990
94100,0.0004817601584363729,0.0006120909238234162,1.0,1.0,1.8758
94200,0.0004131037276238203,0.0005314589943736792,1.0,1.0,1.8641
94300,0.00035712082171812654,0.00047262737643904984,1.0,1.0,1.8603
94400,0.0004097451746929437,0.000691848574206233,1.0,1.0,2.0381
94500,0.00030148448422551155,0.00040730199543759227,1.0,1.0,2.0220
94600,0.0005610378575511277,0.0007105458062142134,1.0,1.0,1.9800
94700,0.000583191285841167,0.0007377754081971943,1.0,1.0,1.9429
94800,0.0005559636629186571,0.0007067256374284625,1.0,1.0,1.9153
94900,0.00023139936092775315,0.0003153473080601543,1.0,1.0,2.0215
95000,0.00045433000195771456,0.0005826075794175267,1.0,1.0,1.9920
95100,0.0006095138378441334,0.0007641568081453443,1.0,1.0,1.9523
95200,0.0005970365018583834,0.0007536374614574015,1.0,1.0,1.9226
95300,0.0005535633536055684,0.0007109943544492126,1.0,1.0,1.9081
95400,0.00048306677490472794,0.000621985993348062,1.0,1.0,1.9031
95500,0.008470610715448856,0.01213360857218504,1.0,1.0,1.9489
95600,0.0002863088739104569,0.0003767781308852136,1.0,1.0,2.0058
95700,0.0005521698039956391,0.0007014372386038303,1.0,1.0,1.9704
95800,0.0005630749510601163,0.0007195784128271043,1.0,1.0,1.9416
95900,0.0005218345322646201,0.0006746723665855825,1.0,1.0,1.9245
96000,0.0004625256115105003,0.0006079404265619814,1.0,1.0,1.9137
96100,0.00016801983292680234,0.0002342525840504095,1.0,1.0,2.0096
96200,0.0004910518182441592,0.00063482386758551,1.0,1.0,1.9758
96300,0.0005710389232262969,0.0007298430427908897,1.0,1.0,1.9397
96400,0.0005446719005703926,0.0007012996939010918,1.0,1.0,1.9109
96500,0.0005026185535825789,0.0006523801130242646,1.0,1.0,1.8879
96600,0.00046152729191817343,0.0006048530922271311,1.0,1.0,1.8697
96700,0.0004280027642380446,0.0005688033998012543,1.0,1.0,1.8578
96800,0.0001480093487771228,0.0002274468424730003,1.0,1.0,2.0470
96900,0.0004092176677659154,0.0005541538121178746,1.0,1.0,2.0159
97000,0.0006007652264088392,0.0007756265113130212,1.0,1.0,1.9785
97100,0.0006078170845285058,0.0007840355392545462,1.0,1.0,1.9466
97200,0.0005793856689706445,0.0007499278290197253,1.0,1.0,1.9217
97300,0.0005359781789593399,0.0006973394774831831,1.0,1.0,1.9049
97400,0.00047317618736997247,0.0006245438125915825,1.0,1.0,1.8964
97500,0.0004490761202760041,0.0006005595787428319,1.0,1.0,1.8914
97600,0.00037062756018713117,0.0005130573990754783,1.0,1.0,1.8873
97700,0.00032828032271936536,0.00046491011744365096,1.0,1.0,1.8853
97800,0.00015819058171473444,0.0002347791742067784,1.0,1.0,2.0709
97900,0.0004488392441999167,0.000603270367719233,1.0,1.0,2.0345
98000,0.0005440409877337515,0.0007127686985768378,1.0,1.0,1.9940
98100,0.0005260665202513337,0.0006892172386869788,1.0,1.0,1.9614
98200,0.0004940179060213268,0.0006501507596112788,1.0,1.0,1.9363
98300,0.00045265560038387775,0.0006006534094922245,1.0,1.0,1.9166
98400,0.0004010775883216411,0.0005388782010413706,1.0,1.0,1.9013
98500,0.000368372886441648,0.0005011725006625056,1.0,1.0,1.8896
98600,0.0013960967771708965,0.002610656665638089,1.0,1.0,2.0730
98700,0.0002959834528155625,0.00041115807835012674,1.0,1.0,2.0972
98800,0.0005773178418166935,0.000739935552701354,1.0,1.0,2.0539
98900,0.0006341037806123495,0.0008026012219488621,1.0,1.0,2.0115
99000,0.0006272144964896142,0.0007957823108881712,1.0,1.0,1.9764
99100,0.0005985203315503895,0.0007620719261467457,1.0,1.0,1.9488
99200,0.0005358650232665241,0.0006887568742968142,1.0,1.0,1.9279
99300,0.10943826287984848,0.13725313544273376,0.9820981025695801,0.9734621644020081,1.9134
99400,0.0003022801538463682,0.00038919286453165114,1.0,1.0,2.0480
99500,0.0005946754245087504,0.0007386654033325613,1.0,1.0,2.0078
99600,0.0006129349931143224,0.0007632655324414372,1.0,1.0,1.9709
99700,0.0005723853246308863,0.0007189946481958032,1.0,1.0,1.9416
99800,0.0005069603212177753,0.0006489288643933833,1.0,1.0,1.9188
99900,0.0004580017121043056,0.000597263453528285,1.0,1.0,1.9042
100000,0.00044595255167223513,0.0005838338984176517,1.0,1.0,1.8945
