label,task,prime,lr,wd,seed,ordering,tau_circ,tau_gen,tau_F,regime,step,saved_test_acc,site,K,ctrl_mode,top_harmonics,base_acc,acc_ablate_fourier,acc_random_ctrl_mean,acc_random_ctrl_std,frac_energy_removed
canonical_GF,add,53,0.0016,1.7145,7,C<G<F,9500.0,11000.0,26000.0,pre_all,5000,0.008134214207530022,embed,3,dim,"18,21,23",0.00813421453990849,0.018301982714794104,0.009862735129639044,0.00082603339142206,0.1288339045806846
canonical_GF,add,53,0.0016,1.7145,7,C<G<F,9500.0,11000.0,26000.0,pre_all,5000,0.008134214207530022,attn_L0,3,dim,"5,1,14",0.00813421453990849,0.010167768174885612,0.011387900355871885,0.0020233603194847387,0.20722897046916228
canonical_GF,add,53,0.0016,1.7145,7,C<G<F,9500.0,11000.0,26000.0,pre_all,5000,0.008134214207530022,mlp_L0,3,dim,"21,22,23",0.00813421453990849,0.004067107269954245,0.0047788510421962384,0.0005184564833342942,0.1617866050207795
canonical_GF,add,53,0.0016,1.7145,7,C<G<F,9500.0,11000.0,26000.0,pre_all,5000,0.008134214207530022,attn_L1,3,dim,"12,5,24",0.00813421453990849,0.0066090493136756485,0.00945602440264362,0.0008260333914220601,0.27805655324146017
canonical_GF,add,53,0.0016,1.7145,7,C<G<F,9500.0,11000.0,26000.0,pre_all,5000,0.008134214207530022,mlp_L1,3,dim,"12,5,24",0.00813421453990849,0.005083884087442806,0.009761057447890189,0.0005928776710569699,0.2586869482350969
canonical_GF,add,53,0.0016,1.7145,7,C<G<F,9500.0,11000.0,26000.0,pre_all,5000,0.008134214207530022,resid_final,3,dim,"12,5,1",0.00813421453990849,0.0071174377224199285,0.011489578037620742,0.001459349272435925,0.22161885675413578
canonical_GF,add,53,0.0016,1.7145,7,C<G<F,9500.0,11000.0,26000.0,between_circ_gen,10000,0.11896288394927979,embed,3,dim,"14,18,22",0.11896288764616167,0.06659888154550077,0.03141840366039654,0.003316625608601951,0.13331563429736595
canonical_GF,add,53,0.0016,1.7145,7,C<G<F,9500.0,11000.0,26000.0,between_circ_gen,10000,0.11896288394927979,attn_L0,3,dim,"5,12,1",0.11896288764616167,0.09405185561769192,0.09049313675648195,0.0025722644922569465,0.2398233593091173
canonical_GF,add,53,0.0016,1.7145,7,C<G<F,9500.0,11000.0,26000.0,between_circ_gen,10000,0.11896288394927979,mlp_L0,3,dim,"21,23,18",0.11896288764616167,0.011692933401118455,0.013523131672597864,0.001348906879656492,0.16536117853955834
canonical_GF,add,53,0.0016,1.7145,7,C<G<F,9500.0,11000.0,26000.0,between_circ_gen,10000,0.11896288394927979,attn_L1,3,dim,"12,1,5",0.11896288764616167,0.014743263853584139,0.06293848500254194,0.004122650723480078,0.3716475715649032
canonical_GF,add,53,0.0016,1.7145,7,C<G<F,9500.0,11000.0,26000.0,between_circ_gen,10000,0.11896288394927979,mlp_L1,3,dim,"5,24,12",0.11896288764616167,0.022369089984748347,0.046466700559227254,0.0029574050985763057,0.24892403878612215
canonical_GF,add,53,0.0016,1.7145,7,C<G<F,9500.0,11000.0,26000.0,between_circ_gen,10000,0.11896288394927979,resid_final,3,dim,"12,5,1",0.11896288764616167,0.0315200813421454,0.1209964412811388,0.005134471244718901,0.3701870581678668
canonical_GF,add,53,0.0016,1.7145,7,C<G<F,9500.0,11000.0,26000.0,between_gen_F,18500,0.9913573861122131,embed,3,dim,"14,22,18",0.9913573970513472,0.44687341128622265,0.12364006100660904,0.007405039738091764,0.16154570368653115
canonical_GF,add,53,0.0016,1.7145,7,C<G<F,9500.0,11000.0,26000.0,between_gen_F,18500,0.9913573861122131,attn_L0,3,dim,"22,14,5",0.9913573970513472,0.971021860701576,0.9852567361464158,0.001325714774825161,0.30931949102845246
canonical_GF,add,53,0.0016,1.7145,7,C<G<F,9500.0,11000.0,26000.0,between_gen_F,18500,0.9913573861122131,mlp_L0,3,dim,"14,22,21",0.9913573970513472,0.03965429588205389,0.03131672597864769,0.004062020204461247,0.18141614759091357
canonical_GF,add,53,0.0016,1.7145,7,C<G<F,9500.0,11000.0,26000.0,between_gen_F,18500,0.9913573861122131,attn_L1,3,dim,"1,12,24",0.9913573970513472,0.1392984239959329,0.8108795119471276,0.01083714293399022,0.7270714545755447
canonical_GF,add,53,0.0016,1.7145,7,C<G<F,9500.0,11000.0,26000.0,between_gen_F,18500,0.9913573861122131,mlp_L1,3,dim,"5,9,1",0.9913573970513472,0.13116420945602442,0.7001525165226232,0.01641519965072543,0.483050686012132
canonical_GF,add,53,0.0016,1.7145,7,C<G<F,9500.0,11000.0,26000.0,between_gen_F,18500,0.9913573861122131,resid_final,3,dim,"1,9,12",0.9913573970513472,0.2669039145907473,0.9795627859684799,0.00326953435502056,0.5228294721374923
canonical_GF,add,53,0.0016,1.7145,7,C<G<F,9500.0,11000.0,26000.0,post_all,30000,1.0,embed,3,dim,"22,14,18",1.0,0.7158108795119471,0.4147432638535841,0.007113078772706735,0.3275599103565757
canonical_GF,add,53,0.0016,1.7145,7,C<G<F,9500.0,11000.0,26000.0,post_all,30000,1.0,attn_L0,3,dim,"14,22,9",1.0,0.9989832231825114,1.0,0.0,0.8781282310846136
canonical_GF,add,53,0.0016,1.7145,7,C<G<F,9500.0,11000.0,26000.0,post_all,30000,1.0,mlp_L0,3,dim,"22,14,23",1.0,0.06863243518047789,0.20193187595322826,0.0033010031684286554,0.3251501958252664
canonical_GF,add,53,0.0016,1.7145,7,C<G<F,9500.0,11000.0,26000.0,post_all,30000,1.0,attn_L1,3,dim,"1,12,24",1.0,0.2440264361972547,0.7902389425521099,0.005462277994331803,0.859201244471777
canonical_GF,add,53,0.0016,1.7145,7,C<G<F,9500.0,11000.0,26000.0,post_all,30000,1.0,mlp_L1,3,dim,"24,9,5",1.0,0.38993390950686324,0.9977630910015252,0.0009429200300453227,0.6142775334306011
canonical_GF,add,53,0.0016,1.7145,7,C<G<F,9500.0,11000.0,26000.0,post_all,30000,1.0,resid_final,3,dim,"1,9,12",1.0,0.7595322826639552,0.9993899339095069,0.0007471753155413987,0.5084072091415384
coincident,add,53,0.0016,3.1075,2025,C<G<F,8000.0,9500.0,19500.0,pre_all,4000,0.0289781391620636,embed,3,dim,"25,1,5",0.028978139298423997,0.03762074224707677,0.020030503304524657,0.004010794697166451,0.13087690764797363
coincident,add,53,0.0016,3.1075,2025,C<G<F,8000.0,9500.0,19500.0,pre_all,4000,0.0289781391620636,attn_L0,3,dim,"4,22,5",0.028978139298423997,0.026436197254702594,0.02257244534824606,0.0021949194860114794,0.24942426486047617
coincident,add,53,0.0016,3.1075,2025,C<G<F,8000.0,9500.0,19500.0,pre_all,4000,0.0289781391620636,mlp_L0,3,dim,"23,25,12",0.028978139298423997,0.007625826131164209,0.006914082358922216,0.0007608860979713149,0.1612350272164909
coincident,add,53,0.0016,3.1075,2025,C<G<F,8000.0,9500.0,19500.0,pre_all,4000,0.0289781391620636,attn_L1,3,dim,"15,22,4",0.028978139298423997,0.010676156583629894,0.02094560244026436,0.0031405074146376205,0.3280640689375177
coincident,add,53,0.0016,3.1075,2025,C<G<F,8000.0,9500.0,19500.0,pre_all,4000,0.0289781391620636,mlp_L1,3,dim,"15,4,22",0.028978139298423997,0.005083884087442806,0.025114387391967464,0.0019976494869739197,0.2766470231633083
coincident,add,53,0.0016,3.1075,2025,C<G<F,8000.0,9500.0,19500.0,pre_all,4000,0.0289781391620636,resid_final,3,dim,"15,4,22",0.028978139298423997,0.004067107269954245,0.04250127097102187,0.003919539454478166,0.3052117098231981
coincident,add,53,0.0016,3.1075,2025,C<G<F,8000.0,9500.0,19500.0,between_circ_gen,9000,0.6232841610908508,embed,3,dim,"25,1,5",0.6232841891204881,0.22114895780376206,0.0655821047280122,0.006486685473405828,0.14452980666364496
coincident,add,53,0.0016,3.1075,2025,C<G<F,8000.0,9500.0,19500.0,between_circ_gen,9000,0.6232841610908508,attn_L0,3,dim,"5,22,25",0.6232841891204881,0.5083884087442806,0.5407219115404168,0.00820129937166276,0.27917195998214944
coincident,add,53,0.0016,3.1075,2025,C<G<F,8000.0,9500.0,19500.0,between_circ_gen,9000,0.6232841610908508,mlp_L0,3,dim,"25,1,18",0.6232841891204881,0.020843924758515507,0.0183019827147941,0.001701393038198425,0.16462715032919786
coincident,add,53,0.0016,3.1075,2025,C<G<F,8000.0,9500.0,19500.0,between_circ_gen,9000,0.6232841610908508,attn_L1,3,dim,"15,5,4",0.6232841891204881,0.03965429588205389,0.37824097610574475,0.01212055969105081,0.5006133596039823
coincident,add,53,0.0016,3.1075,2025,C<G<F,8000.0,9500.0,19500.0,between_circ_gen,9000,0.6232841610908508,mlp_L1,3,dim,"4,15,22",0.6232841891204881,0.044738179969496694,0.3682765632943569,0.006189824608123814,0.4351322237551121
coincident,add,53,0.0016,3.1075,2025,C<G<F,8000.0,9500.0,19500.0,between_circ_gen,9000,0.6232841610908508,resid_final,3,dim,"5,15,4",0.6232841891204881,0.06456532791052363,0.5924758515505847,0.005249956540284906,0.4407264661614572
coincident,add,53,0.0016,3.1075,2025,C<G<F,8000.0,9500.0,19500.0,between_gen_F,14500,0.9938993453979492,embed,3,dim,"25,14,1",0.9938993390950687,0.8291814946619217,0.34072191154041687,0.0034838518960878142,0.22298935826190502
coincident,add,53,0.0016,3.1075,2025,C<G<F,8000.0,9500.0,19500.0,between_gen_F,14500,0.9938993453979492,attn_L0,3,dim,"25,14,17",0.9938993390950687,0.9064565327910523,0.992170818505338,0.0006896115895399345,0.7713826157594563
coincident,add,53,0.0016,3.1075,2025,C<G<F,8000.0,9500.0,19500.0,between_gen_F,14500,0.9938993453979492,mlp_L0,3,dim,"25,14,1",0.9938993390950687,0.06659888154550077,0.09822064056939502,0.0054698434799441845,0.23338084413774973
coincident,add,53,0.0016,3.1075,2025,C<G<F,8000.0,9500.0,19500.0,between_gen_F,14500,0.9938993453979492,attn_L1,3,dim,"2,22,4",0.9938993390950687,0.22979156075241486,0.898932384341637,0.010275987386373258,0.6766912154984963
coincident,add,53,0.0016,3.1075,2025,C<G<F,8000.0,9500.0,19500.0,between_gen_F,14500,0.9938993453979492,mlp_L1,3,dim,"4,15,22",0.9938993390950687,0.47127605490594815,0.9875953228266395,0.001749328981605018,0.5889332239511142
coincident,add,53,0.0016,3.1075,2025,C<G<F,8000.0,9500.0,19500.0,between_gen_F,14500,0.9938993453979492,resid_final,3,dim,"25,15,4",0.9938993390950687,0.6893746822572445,0.9880020335536349,0.002503006329454213,0.5105774352796083
coincident,add,53,0.0016,3.1075,2025,C<G<F,8000.0,9500.0,19500.0,post_all,22500,1.0,embed,3,dim,"25,14,2",1.0,0.7000508388408744,0.3779359430604982,0.010715303347381985,0.42232254211715387
coincident,add,53,0.0016,3.1075,2025,C<G<F,8000.0,9500.0,19500.0,post_all,22500,1.0,attn_L0,3,dim,"25,14,3",1.0,0.7737671581087952,1.0,0.0,0.9829860747870893
coincident,add,53,0.0016,3.1075,2025,C<G<F,8000.0,9500.0,19500.0,post_all,22500,1.0,mlp_L0,3,dim,"14,25,11",1.0,0.07930859176410777,0.3485510930350788,0.00530870461909776,0.39772221854535755
coincident,add,53,0.0016,3.1075,2025,C<G<F,8000.0,9500.0,19500.0,post_all,22500,1.0,attn_L1,3,dim,"2,15,5",1.0,0.17793594306049823,0.8945602440264363,0.005471733216908471,0.8301081201253637
coincident,add,53,0.0016,3.1075,2025,C<G<F,8000.0,9500.0,19500.0,post_all,22500,1.0,mlp_L1,3,dim,"4,22,5",1.0,0.7086934417895272,0.9991865785460092,0.0006896115895399541,0.5613940722846734
coincident,add,53,0.0016,3.1075,2025,C<G<F,8000.0,9500.0,19500.0,post_all,22500,1.0,resid_final,3,dim,"25,14,22",1.0,0.9572953736654805,0.9991865785460092,0.0002490584385138257,0.5853684078235941
FG_slow,add,53,0.0005,2.5,42,C<F<G,31500.0,44500.0,42000.0,pre_all,16000,0.026436196640133858,embed,3,dim,"26,9,24",0.026436197254702594,0.018810371123538384,0.015353329944077274,0.0028469750889679704,0.13874068496333195
FG_slow,add,53,0.0005,2.5,42,C<F<G,31500.0,44500.0,42000.0,pre_all,16000,0.026436196640133858,attn_L0,3,dim,"25,24,7",0.026436197254702594,0.014743263853584139,0.01464158617183528,0.0022826582939139456,0.2280147073142422
FG_slow,add,53,0.0005,2.5,42,C<F<G,31500.0,44500.0,42000.0,pre_all,16000,0.026436196640133858,mlp_L0,3,dim,"26,9,11",0.026436197254702594,0.012709710218607015,0.01047280122013218,0.0013100252899568,0.1482170896515183
FG_slow,add,53,0.0005,2.5,42,C<F<G,31500.0,44500.0,42000.0,pre_all,16000,0.026436196640133858,attn_L1,3,dim,"14,23,5",0.026436197254702594,0.007625826131164209,0.011082867310625317,0.0024988725424391475,0.19220257223145684
FG_slow,add,53,0.0005,2.5,42,C<F<G,31500.0,44500.0,42000.0,pre_all,16000,0.026436196640133858,mlp_L1,3,dim,"7,5,14",0.026436197254702594,0.021352313167259787,0.016878495170310114,0.001992467508110363,0.1594308009667112
FG_slow,add,53,0.0005,2.5,42,C<F<G,31500.0,44500.0,42000.0,pre_all,16000,0.026436196640133858,resid_final,3,dim,"7,3,25",0.026436197254702594,0.02541942043721403,0.021352313167259784,0.002511253489624497,0.2729999178668199
FG_slow,add,53,0.0005,2.5,42,C<F<G,31500.0,44500.0,42000.0,between_circ_F,37000,0.10574478656053543,embed,3,dim,"25,7,24",0.10574478901881038,0.04880528723945094,0.02379257752923233,0.00357176778246066,0.15707640578940665
FG_slow,add,53,0.0005,2.5,42,C<F<G,31500.0,44500.0,42000.0,between_circ_F,37000,0.10574478656053543,attn_L0,3,dim,"3,24,7",0.10574478901881038,0.06354855109303507,0.055922724961870875,0.0053610274840728295,0.20777862755844712
FG_slow,add,53,0.0005,2.5,42,C<F<G,31500.0,44500.0,42000.0,between_circ_F,37000,0.10574478656053543,mlp_L0,3,dim,"16,18,8",0.10574478901881038,0.018301982714794104,0.016878495170310114,0.001966352781475721,0.16982238861611468
FG_slow,add,53,0.0005,2.5,42,C<F<G,31500.0,44500.0,42000.0,between_circ_F,37000,0.10574478656053543,attn_L1,3,dim,"5,7,23",0.10574478901881038,0.02541942043721403,0.06304016268429079,0.006873591776779081,0.27074214026589294
FG_slow,add,53,0.0005,2.5,42,C<F<G,31500.0,44500.0,42000.0,between_circ_F,37000,0.10574478656053543,mlp_L1,3,dim,"7,5,12",0.10574478901881038,0.06253177427554651,0.08398576512455516,0.004471506543425726,0.2965717091293343
FG_slow,add,53,0.0005,2.5,42,C<F<G,31500.0,44500.0,42000.0,between_circ_F,37000,0.10574478656053543,resid_final,3,dim,"7,12,5",0.10574478901881038,0.05287239450940519,0.09954245043213014,0.003796269385377623,0.45817472053754726
FG_slow,add,53,0.0005,2.5,42,C<F<G,31500.0,44500.0,42000.0,between_F_gen,43000,0.22318251430988312,embed,3,dim,"7,3,25",0.22318251143873918,0.11184544992374174,0.026334519572953734,0.0011322347458729072,0.17261248809373309
FG_slow,add,53,0.0005,2.5,42,C<F<G,31500.0,44500.0,42000.0,between_F_gen,43000,0.22318251430988312,attn_L0,3,dim,"3,7,25",0.22318251143873918,0.14743263853584138,0.11479410269445856,0.006328567898157777,0.204351693985557
FG_slow,add,53,0.0005,2.5,42,C<F<G,31500.0,44500.0,42000.0,between_F_gen,43000,0.22318251430988312,mlp_L0,3,dim,"6,16,9",0.22318251143873918,0.04778851042196238,0.036502287747839354,0.0015217721959426306,0.1741993985142209
FG_slow,add,53,0.0005,2.5,42,C<F<G,31500.0,44500.0,42000.0,between_F_gen,43000,0.22318251430988312,attn_L1,3,dim,"23,5,12",0.22318251143873918,0.05693950177935943,0.1214031520081342,0.0023496126097186268,0.2929500148061874
FG_slow,add,53,0.0005,2.5,42,C<F<G,31500.0,44500.0,42000.0,between_F_gen,43000,0.22318251430988312,mlp_L1,3,dim,"7,12,5",0.22318251143873918,0.10218607015760041,0.17946110828673106,0.008445982575412377,0.35980824140350504
FG_slow,add,53,0.0005,2.5,42,C<F<G,31500.0,44500.0,42000.0,between_F_gen,43000,0.22318251430988312,resid_final,3,dim,"7,12,5",0.22318251143873918,0.10269445856634468,0.19989832231825116,0.006662798139463498,0.4340260143261126
FG_slow,add,53,0.0005,2.5,42,C<F<G,31500.0,44500.0,42000.0,post_all,48000,0.5119471549987793,embed,3,dim,"7,3,15",0.5119471276054905,0.3492628368073208,0.042196237925775294,0.005587648872001663,0.20617798914566038
FG_slow,add,53,0.0005,2.5,42,C<F<G,31500.0,44500.0,42000.0,post_all,48000,0.5119471549987793,attn_L0,3,dim,"3,15,7",0.5119471276054905,0.3807829181494662,0.37885104219623794,0.0037414071160089724,0.21414236343616924
FG_slow,add,53,0.0005,2.5,42,C<F<G,31500.0,44500.0,42000.0,post_all,48000,0.5119471549987793,mlp_L0,3,dim,"6,1,3",0.5119471276054905,0.24860193187595322,0.22094560244026437,0.007399453136211595,0.19483365589334417
FG_slow,add,53,0.0005,2.5,42,C<F<G,31500.0,44500.0,42000.0,post_all,48000,0.5119471549987793,attn_L1,3,dim,"23,12,3",0.5119471276054905,0.19572953736654805,0.29649211997966446,0.007924338695840851,0.2959140753833515
FG_slow,add,53,0.0005,2.5,42,C<F<G,31500.0,44500.0,42000.0,post_all,48000,0.5119471549987793,mlp_L1,3,dim,"7,3,12",0.5119471276054905,0.25012709710218606,0.3970513472292832,0.006940944856482369,0.39639689330237143
FG_slow,add,53,0.0005,2.5,42,C<F<G,31500.0,44500.0,42000.0,post_all,48000,0.5119471549987793,resid_final,3,dim,"7,3,12",0.5119471276054905,0.2974072191154042,0.4345704117946111,0.007515899791591797,0.4630402659215829
G_CF_boundary,add,53,0.002333,2.5,7,G<C<F,8000.0,6500.0,12000.0,pre_all,3000,0.04067107290029526,embed,3,dim,"18,23,21",0.04067107269954245,0.042704626334519574,0.023690899847483477,0.00415014369739879,0.128566831833563
G_CF_boundary,add,53,0.002333,2.5,7,G<C<F,8000.0,6500.0,12000.0,pre_all,3000,0.04067107290029526,attn_L0,3,dim,"12,10,5",0.04067107269954245,0.0340620233858668,0.03436705643111337,0.0021230923251470356,0.23902508113717658
G_CF_boundary,add,53,0.002333,2.5,7,G<C<F,8000.0,6500.0,12000.0,pre_all,3000,0.04067107290029526,mlp_L0,3,dim,"18,23,21",0.04067107269954245,0.00813421453990849,0.007727503812913065,0.0016830651100403504,0.15689291886310663
G_CF_boundary,add,53,0.002333,2.5,7,G<C<F,8000.0,6500.0,12000.0,pre_all,3000,0.04067107290029526,attn_L1,3,dim,"12,10,24",0.04067107269954245,0.012201321809862735,0.02836807320793086,0.001341220738004365,0.38077473319790495
G_CF_boundary,add,53,0.002333,2.5,7,G<C<F,8000.0,6500.0,12000.0,pre_all,3000,0.04067107290029526,mlp_L1,3,dim,"10,12,24",0.04067107269954245,0.004067107269954245,0.0298932384341637,0.0028830598634993028,0.27257231047393765
G_CF_boundary,add,53,0.002333,2.5,7,G<C<F,8000.0,6500.0,12000.0,pre_all,3000,0.04067107290029526,resid_final,3,dim,"12,10,6",0.04067107269954245,0.010167768174885612,0.045958312150482974,0.004797204316048988,0.371599844529552
G_CF_boundary,add,53,0.002333,2.5,7,G<C<F,8000.0,6500.0,12000.0,between_gen_circ,7000,0.7976614236831665,embed,3,dim,"14,18,23",0.7976614133197764,0.4875444839857651,0.09588205388917133,0.00634651206276654,0.13750052147354697
G_CF_boundary,add,53,0.002333,2.5,7,G<C<F,8000.0,6500.0,12000.0,between_gen_circ,7000,0.7976614236831665,attn_L0,3,dim,"3,5,14",0.7976614133197764,0.5973563802745298,0.7025927808845958,0.004003054333508819,0.3344759907961384
G_CF_boundary,add,53,0.002333,2.5,7,G<C<F,8000.0,6500.0,12000.0,between_gen_circ,7000,0.7976614236831665,mlp_L0,3,dim,"18,14,23",0.7976614133197764,0.042196237925775294,0.032231825114387394,0.0030604813306136076,0.16352128183905387
G_CF_boundary,add,53,0.002333,2.5,7,G<C<F,8000.0,6500.0,12000.0,between_gen_circ,7000,0.7976614236831665,attn_L1,3,dim,"6,12,10",0.7976614133197764,0.0945602440264362,0.6394509405185562,0.005178579187899079,0.666435364253647
G_CF_boundary,add,53,0.002333,2.5,7,G<C<F,8000.0,6500.0,12000.0,between_gen_circ,7000,0.7976614236831665,mlp_L1,3,dim,"10,5,24",0.7976614133197764,0.08439247585155059,0.5184544992374173,0.010494988860873742,0.5406258256706774
G_CF_boundary,add,53,0.002333,2.5,7,G<C<F,8000.0,6500.0,12000.0,between_gen_circ,7000,0.7976614236831665,resid_final,3,dim,"12,10,6",0.7976614133197764,0.1362480935434672,0.7489578037620742,0.0036005960771989484,0.39605273097806143
G_CF_boundary,add,53,0.002333,2.5,7,G<C<F,8000.0,6500.0,12000.0,between_circ_F,10000,0.9984748363494873,embed,3,dim,"3,14,18",0.9984748347737672,0.7513980681240467,0.5467208947635994,0.004473817996949681,0.1844288422728224
G_CF_boundary,add,53,0.002333,2.5,7,G<C<F,8000.0,6500.0,12000.0,between_circ_F,10000,0.9984748363494873,attn_L0,3,dim,"3,14,6",0.9984748347737672,0.684799186578546,0.9980681240467717,0.0004981168770275834,0.9412424083445934
G_CF_boundary,add,53,0.002333,2.5,7,G<C<F,8000.0,6500.0,12000.0,between_circ_F,10000,0.9984748363494873,mlp_L0,3,dim,"3,14,23",0.9984748347737672,0.44026436197254704,0.4755465175394001,0.006322030119658289,0.19552096475509376
G_CF_boundary,add,53,0.002333,2.5,7,G<C<F,8000.0,6500.0,12000.0,between_circ_F,10000,0.9984748363494873,attn_L1,3,dim,"12,6,5",0.9984748347737672,0.3162175902389425,0.9480427046263346,0.00464167248012743,0.5974483978965368
G_CF_boundary,add,53,0.002333,2.5,7,G<C<F,8000.0,6500.0,12000.0,between_circ_F,10000,0.9984748363494873,mlp_L1,3,dim,"12,5,24",0.9984748347737672,0.47330960854092524,0.9874936451448907,0.0024189887653015478,0.663913558906048
G_CF_boundary,add,53,0.002333,2.5,7,G<C<F,8000.0,6500.0,12000.0,between_circ_F,10000,0.9984748363494873,resid_final,3,dim,"3,6,10",0.9984748347737672,0.4799186578546009,0.97600406710727,0.003332174805932659,0.5113111831943926
G_CF_boundary,add,53,0.002333,2.5,7,G<C<F,8000.0,6500.0,12000.0,post_all,13500,1.0,embed,3,dim,"3,14,23",1.0,0.7951194712760549,0.5952211489578036,0.009293362360764498,0.2667622491760971
G_CF_boundary,add,53,0.002333,2.5,7,G<C<F,8000.0,6500.0,12000.0,post_all,13500,1.0,attn_L0,3,dim,"3,14,6",1.0,0.759023894255211,1.0,0.0,0.968764417100048
G_CF_boundary,add,53,0.002333,2.5,7,G<C<F,8000.0,6500.0,12000.0,post_all,13500,1.0,mlp_L0,3,dim,"3,14,23",1.0,0.13777325876970006,0.3543467208947636,0.004105059326524933,0.26626120043567203
G_CF_boundary,add,53,0.002333,2.5,7,G<C<F,8000.0,6500.0,12000.0,post_all,13500,1.0,attn_L1,3,dim,"6,10,12",1.0,0.20945602440264363,0.9671581087951194,0.0022183451173636327,0.7317333747497211
G_CF_boundary,add,53,0.002333,2.5,7,G<C<F,8000.0,6500.0,12000.0,post_all,13500,1.0,mlp_L1,3,dim,"12,5,24",1.0,0.518047788510422,0.995119471276055,0.0009429200300453035,0.651746212181186
G_CF_boundary,add,53,0.002333,2.5,7,G<C<F,8000.0,6500.0,12000.0,post_all,13500,1.0,resid_final,3,dim,"3,6,10",1.0,0.7676664972038637,0.9981698017285205,0.0008864054791135084,0.5902250798996032
strong_CGF,add,53,0.0016,2.7591,7,C<G<F,10000.0,12500.0,18500.0,pre_all,5000,0.010676156729459763,embed,3,dim,"18,21,23",0.010676156583629894,0.012201321809862735,0.012099644128113879,0.0007471753155413863,0.13069372547655614
strong_CGF,add,53,0.0016,2.7591,7,C<G<F,10000.0,12500.0,18500.0,pre_all,5000,0.010676156729459763,attn_L0,3,dim,"1,14,5",0.010676156583629894,0.011692933401118455,0.009252669039145909,0.0014162062305220252,0.23248347572987962
strong_CGF,add,53,0.0016,2.7591,7,C<G<F,10000.0,12500.0,18500.0,pre_all,5000,0.010676156729459763,mlp_L0,3,dim,"21,18,23",0.010676156583629894,0.009150991357397052,0.005693950177935943,0.001913054165961035,0.16257819044969626
strong_CGF,add,53,0.0016,2.7591,7,C<G<F,10000.0,12500.0,18500.0,pre_all,5000,0.010676156729459763,attn_L1,3,dim,"12,24,5",0.010676156583629894,0.002541942043721403,0.007219115404168785,0.0008746644908025038,0.30126225818214775
strong_CGF,add,53,0.0016,2.7591,7,C<G<F,10000.0,12500.0,18500.0,pre_all,5000,0.010676156729459763,mlp_L1,3,dim,"12,24,5",0.010676156583629894,0.004067107269954245,0.012404677173360449,0.0015620021856367274,0.2352154712671011
strong_CGF,add,53,0.0016,2.7591,7,C<G<F,10000.0,12500.0,18500.0,pre_all,5000,0.010676156729459763,resid_final,3,dim,"12,9,24",0.010676156583629894,0.005083884087442806,0.015353329944077277,0.0033476517810176573,0.22465297211204957
strong_CGF,add,53,0.0016,2.7591,7,C<G<F,10000.0,12500.0,18500.0,between_circ_gen,11000,0.9034062027931213,embed,3,dim,"14,18,21",0.9034062023385867,0.19725470259278088,0.047991865785460094,0.004587906120052252,0.14484670800177865
strong_CGF,add,53,0.0016,2.7591,7,C<G<F,10000.0,12500.0,18500.0,between_circ_gen,11000,0.9034062027931213,attn_L0,3,dim,"14,5,1",0.9034062023385867,0.7890188103711235,0.8292831723436705,0.006576903560262814,0.2536859638578614
strong_CGF,add,53,0.0016,2.7591,7,C<G<F,10000.0,12500.0,18500.0,between_circ_gen,11000,0.9034062027931213,mlp_L0,3,dim,"14,21,23",0.9034062023385867,0.02338586680223691,0.017793594306049824,0.0021084332845274748,0.16803640523848926
strong_CGF,add,53,0.0016,2.7591,7,C<G<F,10000.0,12500.0,18500.0,between_circ_gen,11000,0.9034062027931213,attn_L1,3,dim,"12,11,1",0.9034062023385867,0.12201321809862735,0.5056431113370615,0.01043670761188111,0.500895489188766
strong_CGF,add,53,0.0016,2.7591,7,C<G<F,10000.0,12500.0,18500.0,between_circ_gen,11000,0.9034062027931213,mlp_L1,3,dim,"5,9,24",0.9034062023385867,0.09761057447890188,0.46985256736146414,0.007488338643425301,0.41477919873460084
strong_CGF,add,53,0.0016,2.7591,7,C<G<F,10000.0,12500.0,18500.0,between_circ_gen,11000,0.9034062027931213,resid_final,3,dim,"9,5,11",0.9034062023385867,0.2841891204880529,0.8472801220132181,0.003545621916454031,0.40287563566195855
strong_CGF,add,53,0.0016,2.7591,7,C<G<F,10000.0,12500.0,18500.0,between_gen_F,15500,0.9959328770637512,embed,3,dim,"14,16,21",0.9959328927300457,0.7864768683274022,0.2850025419420438,0.010276993405993508,0.19221294104152356
strong_CGF,add,53,0.0016,2.7591,7,C<G<F,10000.0,12500.0,18500.0,between_gen_F,15500,0.9959328770637512,attn_L0,3,dim,"14,16,22",0.9959328927300457,0.8937468225724453,0.9936959837315709,0.0008864054791135084,0.6225948260125301
strong_CGF,add,53,0.0016,2.7591,7,C<G<F,10000.0,12500.0,18500.0,between_gen_F,15500,0.9959328770637512,mlp_L0,3,dim,"14,16,21",0.9959328927300457,0.07422470767666497,0.07574987290289782,0.0042413123771457475,0.2074498093127758
strong_CGF,add,53,0.0016,2.7591,7,C<G<F,10000.0,12500.0,18500.0,between_gen_F,15500,0.9959328770637512,attn_L1,3,dim,"1,9,11",0.9959328927300457,0.26232841891204883,0.963904422979156,0.0018470668149044164,0.6034111301633002
strong_CGF,add,53,0.0016,2.7591,7,C<G<F,10000.0,12500.0,18500.0,between_gen_F,15500,0.9959328770637512,mlp_L1,3,dim,"9,24,5",0.9959328927300457,0.4814438230808338,0.974580579562786,0.0010167768174885962,0.522685087215442
strong_CGF,add,53,0.0016,2.7591,7,C<G<F,10000.0,12500.0,18500.0,between_gen_F,15500,0.9959328770637512,resid_final,3,dim,"14,9,12",0.9959328927300457,0.8535841382816471,0.9865785460091511,0.0019452085886841764,0.4234095841954459
strong_CGF,add,53,0.0016,2.7591,7,C<G<F,10000.0,12500.0,18500.0,post_all,20500,1.0,embed,3,dim,"14,16,18",1.0,0.4997458057956279,0.3269954245043213,0.013498262755689758,0.3142047662562962
strong_CGF,add,53,0.0016,2.7591,7,C<G<F,10000.0,12500.0,18500.0,post_all,20500,1.0,attn_L0,3,dim,"14,16,9",1.0,0.7239450940518556,0.9998983223182512,0.00020335536349769257,0.9431941484811188
strong_CGF,add,53,0.0016,2.7591,7,C<G<F,10000.0,12500.0,18500.0,post_all,20500,1.0,mlp_L0,3,dim,"14,16,21",1.0,0.058464667005592275,0.09395017793594305,0.0014162062305220272,0.32077799034996035
strong_CGF,add,53,0.0016,2.7591,7,C<G<F,10000.0,12500.0,18500.0,post_all,20500,1.0,attn_L1,3,dim,"1,9,24",1.0,0.15556685307574988,0.7028978139298424,0.013872949995575413,0.7592577793140857
strong_CGF,add,53,0.0016,2.7591,7,C<G<F,10000.0,12500.0,18500.0,post_all,20500,1.0,mlp_L1,3,dim,"24,5,12",1.0,0.5673614641586172,0.9905439755973564,0.00109510214684993,0.5794129064101541
strong_CGF,add,53,0.0016,2.7591,7,C<G<F,10000.0,12500.0,18500.0,post_all,20500,1.0,resid_final,3,dim,"14,16,9",1.0,0.8556176919166243,0.997864768683274,0.0009858016995254455,0.6234905956421447
canonical_GF_s2025,add,53,0.0016,1.7145,2025,C<G<F,8000.0,16000.0,36000.0,pre_all,4000,0.018810370936989784,embed,3,dim,"25,1,5",0.018810371123538384,0.020335536349771224,0.017386883579054397,0.0014162062305220254,0.12921232580649666
canonical_GF_s2025,add,53,0.0016,1.7145,2025,C<G<F,8000.0,16000.0,36000.0,pre_all,4000,0.018810370936989784,attn_L0,3,dim,"4,22,1",0.018810371123538384,0.010167768174885612,0.014946619217081852,0.0025439747845850133,0.27189311418152123
canonical_GF_s2025,add,53,0.0016,1.7145,2025,C<G<F,8000.0,16000.0,36000.0,pre_all,4000,0.018810370936989784,mlp_L0,3,dim,"23,17,25",0.018810371123538384,0.004575495678698526,0.0062023385866802234,0.0018017331109984086,0.16379547525814164
canonical_GF_s2025,add,53,0.0016,1.7145,2025,C<G<F,8000.0,16000.0,36000.0,pre_all,4000,0.018810370936989784,attn_L1,3,dim,"22,4,15",0.018810371123538384,0.005592272496187087,0.009557702084392477,0.0018301982714794102,0.2589699019101629
canonical_GF_s2025,add,53,0.0016,1.7145,2025,C<G<F,8000.0,16000.0,36000.0,pre_all,4000,0.018810370936989784,mlp_L1,3,dim,"22,4,15",0.018810371123538384,0.00864260294865277,0.013014743263853584,0.001459349272435925,0.1979347938893456
canonical_GF_s2025,add,53,0.0016,1.7145,2025,C<G<F,8000.0,16000.0,36000.0,pre_all,4000,0.018810370936989784,resid_final,3,dim,"22,4,15",0.018810371123538384,0.009659379766141332,0.021148957803762074,0.0023758660794200143,0.3092740122109474
canonical_GF_s2025,add,53,0.0016,1.7145,2025,C<G<F,8000.0,16000.0,36000.0,between_circ_gen,12000,0.6441280841827393,embed,3,dim,"25,5,1",0.6441281138790036,0.5383833248601931,0.15241484494153534,0.005992948460921757,0.14411100491446385
canonical_GF_s2025,add,53,0.0016,1.7145,2025,C<G<F,8000.0,16000.0,36000.0,between_circ_gen,12000,0.6441280841827393,attn_L0,3,dim,"5,4,1",0.6441281138790036,0.5582104728012202,0.6051855617691917,0.005130442627978805,0.3216913154441739
canonical_GF_s2025,add,53,0.0016,1.7145,2025,C<G<F,8000.0,16000.0,36000.0,between_circ_gen,12000,0.6441280841827393,mlp_L0,3,dim,"25,17,18",0.6441281138790036,0.17641077783426537,0.1119471276054906,0.005582095467742066,0.16895797051655884
canonical_GF_s2025,add,53,0.0016,1.7145,2025,C<G<F,8000.0,16000.0,36000.0,between_circ_gen,12000,0.6441280841827393,attn_L1,3,dim,"22,3,15",0.6441281138790036,0.05388917132689375,0.5082867310625316,0.009062442279677532,0.5409357512344367
canonical_GF_s2025,add,53,0.0016,1.7145,2025,C<G<F,8000.0,16000.0,36000.0,between_circ_gen,12000,0.6441280841827393,mlp_L1,3,dim,"22,15,4",0.6441281138790036,0.029486527707168277,0.540620233858668,0.004903774499964414,0.49802961552105035
canonical_GF_s2025,add,53,0.0016,1.7145,2025,C<G<F,8000.0,16000.0,36000.0,between_circ_gen,12000,0.6441280841827393,resid_final,3,dim,"22,15,4",0.6441281138790036,0.043213014743263854,0.5983731570920183,0.010591086251143684,0.40138252464075136
canonical_GF_s2025,add,53,0.0016,1.7145,2025,C<G<F,8000.0,16000.0,36000.0,between_gen_F,26000,0.9893238544464111,embed,3,dim,"5,25,17",0.9893238434163701,0.48957803762074226,0.13543467208947635,0.0066098314034143445,0.18100353433105543
canonical_GF_s2025,add,53,0.0016,1.7145,2025,C<G<F,8000.0,16000.0,36000.0,between_gen_F,26000,0.9893238544464111,attn_L0,3,dim,"5,3,15",0.9893238434163701,0.8957803762074225,0.982409761057448,0.0028866435315868665,0.3535578038933784
canonical_GF_s2025,add,53,0.0016,1.7145,2025,C<G<F,8000.0,16000.0,36000.0,between_gen_F,26000,0.9893238544464111,mlp_L0,3,dim,"25,17,1",0.9893238434163701,0.03457041179461108,0.045348246059989834,0.003713672062582547,0.1891369480552857
canonical_GF_s2025,add,53,0.0016,1.7145,2025,C<G<F,8000.0,16000.0,36000.0,between_gen_F,26000,0.9893238544464111,attn_L1,3,dim,"5,3,22",0.9893238434163701,0.15353329944077276,0.6200305033045246,0.009012107699505981,0.8722330304264126
canonical_GF_s2025,add,53,0.0016,1.7145,2025,C<G<F,8000.0,16000.0,36000.0,between_gen_F,26000,0.9893238544464111,mlp_L1,3,dim,"22,15,3",0.9893238434163701,0.17132689374682258,0.8207422470767668,0.006975118611547514,0.5602128711003348
canonical_GF_s2025,add,53,0.0016,1.7145,2025,C<G<F,8000.0,16000.0,36000.0,between_gen_F,26000,0.9893238544464111,resid_final,3,dim,"5,3,15",0.9893238434163701,0.35231316725978645,0.9712252160650736,0.0029044955479584533,0.5414232086923044
canonical_GF_s2025,add,53,0.0016,1.7145,2025,C<G<F,8000.0,16000.0,36000.0,post_all,43000,1.0,embed,3,dim,"17,5,6",1.0,0.6461616675139806,0.25765124555160146,0.013097885170012936,0.39871122488547894
canonical_GF_s2025,add,53,0.0016,1.7145,2025,C<G<F,8000.0,16000.0,36000.0,post_all,43000,1.0,attn_L0,3,dim,"17,5,6",1.0,0.9923741738688358,0.9997966446365023,0.00024905843851377133,0.695722130469089
canonical_GF_s2025,add,53,0.0016,1.7145,2025,C<G<F,8000.0,16000.0,36000.0,post_all,43000,1.0,mlp_L0,3,dim,"17,24,6",1.0,0.900355871886121,0.9990849008642604,0.000203355363497737,0.48023826402026776
canonical_GF_s2025,add,53,0.0016,1.7145,2025,C<G<F,8000.0,16000.0,36000.0,post_all,43000,1.0,attn_L1,3,dim,"5,3,4",1.0,0.19115404168784952,0.8740213523131672,0.010041925877072812,0.7751287583694351
canonical_GF_s2025,add,53,0.0016,1.7145,2025,C<G<F,8000.0,16000.0,36000.0,post_all,43000,1.0,mlp_L1,3,dim,"3,15,22",1.0,0.4178952719877987,0.9986781901372648,0.0008260333914220757,0.528552594571523
canonical_GF_s2025,add,53,0.0016,1.7145,2025,C<G<F,8000.0,16000.0,36000.0,post_all,43000,1.0,resid_final,3,dim,"5,3,15",1.0,0.4758515505846467,0.9956278596847993,0.0009962337540551532,0.4906775561487955
canonical_GF_s42,add,53,0.0016,1.7145,42,C<G<F,11000.0,18000.0,32500.0,pre_all,5500,0.00864260271191597,embed,3,dim,"9,26,24",0.00864260294865277,0.02338586680223691,0.014438230808337569,0.002354008521157138,0.12794245392387693
canonical_GF_s42,add,53,0.0016,1.7145,42,C<G<F,11000.0,18000.0,32500.0,pre_all,5500,0.00864260271191597,attn_L0,3,dim,"24,7,9",0.00864260294865277,0.012709710218607015,0.008845958312150484,0.0019184506623399296,0.20452925676304762
canonical_GF_s42,add,53,0.0016,1.7145,42,C<G<F,11000.0,18000.0,32500.0,pre_all,5500,0.00864260271191597,mlp_L0,3,dim,"17,1,18",0.00864260294865277,0.0071174377224199285,0.005998983223182512,0.0018858400600906362,0.1535927051090807
canonical_GF_s42,add,53,0.0016,1.7145,42,C<G<F,11000.0,18000.0,32500.0,pre_all,5500,0.00864260271191597,attn_L1,3,dim,"19,24,14",0.00864260294865277,0.0035587188612099642,0.00813421453990849,0.002631861536460556,0.2409244606705207
canonical_GF_s42,add,53,0.0016,1.7145,42,C<G<F,11000.0,18000.0,32500.0,pre_all,5500,0.00864260271191597,mlp_L1,3,dim,"19,24,23",0.00864260294865277,0.00864260294865277,0.009659379766141332,0.0016076653076605894,0.19426888459471456
canonical_GF_s42,add,53,0.0016,1.7145,42,C<G<F,11000.0,18000.0,32500.0,pre_all,5500,0.00864260271191597,resid_final,3,dim,"19,24,9",0.00864260294865277,0.00813421453990849,0.013014743263853584,0.002663101342899603,0.2796114953641601
canonical_GF_s42,add,53,0.0016,1.7145,42,C<G<F,11000.0,18000.0,32500.0,between_circ_gen,14500,0.9557701945304871,embed,3,dim,"9,24,26",0.9557702084392475,0.485510930350788,0.14306049822064057,0.009787500194089587,0.13673167911941825
canonical_GF_s42,add,53,0.0016,1.7145,42,C<G<F,11000.0,18000.0,32500.0,between_circ_gen,14500,0.9557701945304871,attn_L0,3,dim,"9,24,7",0.9557702084392475,0.8556176919166243,0.9189628876461617,0.004368591979449078,0.30303010195016816
canonical_GF_s42,add,53,0.0016,1.7145,42,C<G<F,11000.0,18000.0,32500.0,between_circ_gen,14500,0.9557701945304871,mlp_L0,3,dim,"26,3,13",0.9557702084392475,0.03609557702084393,0.020742247076766647,0.003363057530969238,0.15630358232340932
canonical_GF_s42,add,53,0.0016,1.7145,42,C<G<F,11000.0,18000.0,32500.0,between_circ_gen,14500,0.9557701945304871,attn_L1,3,dim,"7,21,19",0.9557702084392475,0.1265887137773259,0.7288256227758008,0.010963287295726725,0.5372121513873014
canonical_GF_s42,add,53,0.0016,1.7145,42,C<G<F,11000.0,18000.0,32500.0,between_circ_gen,14500,0.9557701945304871,mlp_L1,3,dim,"24,9,4",0.9557702084392475,0.15709201830198272,0.5595322826639553,0.005462277994331784,0.3844840487489499
canonical_GF_s42,add,53,0.0016,1.7145,42,C<G<F,11000.0,18000.0,32500.0,between_circ_gen,14500,0.9557701945304871,resid_final,3,dim,"24,7,9",0.9557702084392475,0.340620233858668,0.9128622267412302,0.0055467947928768205,0.422637589424408
canonical_GF_s42,add,53,0.0016,1.7145,42,C<G<F,11000.0,18000.0,32500.0,between_gen_F,25000,0.982206404209137,embed,3,dim,"6,1,9",0.9822064056939501,0.6761565836298933,0.2992374173868836,0.007767536046683993,0.20737464055942023
canonical_GF_s42,add,53,0.0016,1.7145,42,C<G<F,11000.0,18000.0,32500.0,between_gen_F,25000,0.982206404209137,attn_L0,3,dim,"9,24,6",0.9822064056939501,0.9217081850533808,0.9784443314692425,0.0010951021468499464,0.48271834638366506
canonical_GF_s42,add,53,0.0016,1.7145,42,C<G<F,11000.0,18000.0,32500.0,between_gen_F,25000,0.982206404209137,mlp_L0,3,dim,"6,1,26",0.9822064056939501,0.061514997458057954,0.07178444331469243,0.003023094813892936,0.22262807396050494
canonical_GF_s42,add,53,0.0016,1.7145,42,C<G<F,11000.0,18000.0,32500.0,between_gen_F,25000,0.982206404209137,attn_L1,3,dim,"7,19,21",0.9822064056939501,0.23995932892730046,0.6835790543975598,0.004125157656349945,0.8094802553046355
canonical_GF_s42,add,53,0.0016,1.7145,42,C<G<F,11000.0,18000.0,32500.0,between_gen_F,25000,0.982206404209137,mlp_L1,3,dim,"9,24,4",0.9822064056939501,0.4722928317234367,0.8978139298423995,0.001982062906926058,0.4541951673010959
canonical_GF_s42,add,53,0.0016,1.7145,42,C<G<F,11000.0,18000.0,32500.0,between_gen_F,25000,0.982206404209137,resid_final,3,dim,"7,9,24",0.9822064056939501,0.8296898830706659,0.9739705134722929,0.0011770042605785643,0.43123099065429094
canonical_GF_s42,add,53,0.0016,1.7145,42,C<G<F,11000.0,18000.0,32500.0,post_all,38000,0.9954245090484619,embed,3,dim,"1,6,7",0.9954245043213015,0.8403660396542959,0.48795119471276055,0.017078824144234662,0.45891928057868603
canonical_GF_s42,add,53,0.0016,1.7145,42,C<G<F,11000.0,18000.0,32500.0,post_all,38000,0.9954245090484619,attn_L0,3,dim,"1,6,7",0.9954245043213015,0.7905439755973563,0.9957295373665481,0.00024905843851377133,0.9550710889309351
canonical_GF_s42,add,53,0.0016,1.7145,42,C<G<F,11000.0,18000.0,32500.0,post_all,38000,0.9954245090484619,mlp_L0,3,dim,"6,1,12",0.9954245043213015,0.36298932384341637,0.8855109303507881,0.002519473653963147,0.41957318797488363
canonical_GF_s42,add,53,0.0016,1.7145,42,C<G<F,11000.0,18000.0,32500.0,post_all,38000,0.9954245090484619,attn_L1,3,dim,"7,21,9",0.9954245043213015,0.3014743263853584,0.8240976105744788,0.01394134133279317,0.6800757645033725
canonical_GF_s42,add,53,0.0016,1.7145,42,C<G<F,11000.0,18000.0,32500.0,post_all,38000,0.9954245090484619,mlp_L1,3,dim,"21,9,24",0.9954245043213015,0.8210472801220132,0.9910523640061006,0.0013866986982191951,0.4590885382521401
canonical_GF_s42,add,53,0.0016,1.7145,42,C<G<F,11000.0,18000.0,32500.0,post_all,38000,0.9954245090484619,resid_final,3,dim,"7,6,21",0.9954245043213015,0.838840874428063,0.9886120996441281,0.0017493289816049933,0.35523766223254943
lr_low_GF,add,53,0.0009259,2.5,42,G<F,,21500.0,29000.0,pre_known_events,11000,0.09150991588830948,embed,3,dim,"9,26,24",0.09150991357397051,0.06456532791052363,0.026131164209456027,0.0013866986982192019,0.1357683673418505
lr_low_GF,add,53,0.0009259,2.5,42,G<F,,21500.0,29000.0,pre_known_events,11000,0.09150991588830948,attn_L0,3,dim,"24,25,3",0.09150991357397051,0.06405693950177936,0.07158108795119471,0.004184873538842235,0.2786590836701841
lr_low_GF,add,53,0.0009259,2.5,42,G<F,,21500.0,29000.0,pre_known_events,11000,0.09150991588830948,mlp_L0,3,dim,"26,11,9",0.09150991357397051,0.014234875444839857,0.011082867310625317,0.0019663527814757207,0.16602603723200512
lr_low_GF,add,53,0.0009259,2.5,42,G<F,,21500.0,29000.0,pre_known_events,11000,0.09150991588830948,attn_L1,3,dim,"14,19,23",0.09150991357397051,0.010676156583629894,0.04636502287747839,0.004762598242452615,0.3138077732768607
lr_low_GF,add,53,0.0009259,2.5,42,G<F,,21500.0,29000.0,pre_known_events,11000,0.09150991588830948,mlp_L1,3,dim,"19,3,14",0.09150991357397051,0.02592780884595831,0.061311642094560234,0.0026436197254702592,0.2531865775782476
lr_low_GF,add,53,0.0009259,2.5,42,G<F,,21500.0,29000.0,pre_known_events,11000,0.09150991588830948,resid_final,3,dim,"25,19,3",0.09150991357397051,0.029994916115912557,0.08947635993899339,0.007395260415238709,0.28859511806305094
lr_low_GF,add,53,0.0009259,2.5,42,G<F,,21500.0,29000.0,between_gen_F_partial,25000,0.8998475074768066,embed,3,dim,"13,9,25",0.8998474834773768,0.4641586171835282,0.07158108795119471,0.004663892197734505,0.15723706086269382
lr_low_GF,add,53,0.0009259,2.5,42,G<F,,21500.0,29000.0,between_gen_F_partial,25000,0.8998475074768066,attn_L0,3,dim,"13,25,24",0.8998474834773768,0.8022369089984749,0.8158617183528216,0.003713672062582548,0.23489562951137286
lr_low_GF,add,53,0.0009259,2.5,42,G<F,,21500.0,29000.0,between_gen_F_partial,25000,0.8998475074768066,mlp_L0,3,dim,"9,26,13",0.8998474834773768,0.026436197254702594,0.026029486527707167,0.0030059472290990302,0.16736574010165822
lr_low_GF,add,53,0.0009259,2.5,42,G<F,,21500.0,29000.0,between_gen_F_partial,25000,0.8998475074768066,attn_L1,3,dim,"7,14,19",0.8998474834773768,0.10218607015760041,0.600610066090493,0.011573403782517281,0.5591500525396801
lr_low_GF,add,53,0.0009259,2.5,42,G<F,,21500.0,29000.0,between_gen_F_partial,25000,0.8998475074768066,mlp_L1,3,dim,"24,3,19",0.8998474834773768,0.23945094051855617,0.7761057447890188,0.003381451784100809,0.4662399234525693
lr_low_GF,add,53,0.0009259,2.5,42,G<F,,21500.0,29000.0,between_gen_F_partial,25000,0.8998475074768066,resid_final,3,dim,"7,24,25",0.8998474834773768,0.43924758515505846,0.8139298423995932,0.006534323950405551,0.3395436212956738
lr_low_GF,add,53,0.0009259,2.5,42,G<F,,21500.0,29000.0,post_known_events,31000,1.0,embed,3,dim,"13,8,25",1.0,0.9039145907473309,0.19623792577529234,0.008433733138109896,0.23049720826929224
lr_low_GF,add,53,0.0009259,2.5,42,G<F,,21500.0,29000.0,post_known_events,31000,1.0,attn_L0,3,dim,"13,8,24",1.0,0.9008642602948653,0.9579054397559735,0.003205670110917033,0.3696163636662116
lr_low_GF,add,53,0.0009259,2.5,42,G<F,,21500.0,29000.0,post_known_events,31000,1.0,mlp_L0,3,dim,"13,9,8",1.0,0.08235892221657347,0.08886629384850026,0.00527745369491041,0.19203415060131665
lr_low_GF,add,53,0.0009259,2.5,42,G<F,,21500.0,29000.0,post_known_events,31000,1.0,attn_L1,3,dim,"7,14,19",1.0,0.18556176919166242,0.8246059989832233,0.013048855904142814,0.6725683410551545
lr_low_GF,add,53,0.0009259,2.5,42,G<F,,21500.0,29000.0,post_known_events,31000,1.0,mlp_L1,3,dim,"19,3,24",1.0,0.5714285714285714,0.992272496187087,0.001858227441026645,0.43957804257833993
lr_low_GF,add,53,0.0009259,2.5,42,G<F,,21500.0,29000.0,post_known_events,31000,1.0,resid_final,3,dim,"7,19,24",1.0,0.7910523640061007,0.9972547025927809,0.0008864054791135338,0.39118053696868577
mul_GF,mul,53,0.0016,2.4497,42,G<F,,8500.0,14000.0,pre_known_events,4000,0.06354855000972748,embed,3,dim,"9,26,24",0.06354855109303507,0.04880528723945094,0.04524656837824097,0.0007189697825994373,0.12567701835395684
mul_GF,mul,53,0.0016,2.4497,42,G<F,,8500.0,14000.0,pre_known_events,4000,0.06354855000972748,attn_L0,3,dim,"24,2,17",0.06354855109303507,0.058973055414336555,0.055210981189628874,0.004125157656349933,0.1706034891806585
mul_GF,mul,53,0.0016,2.4497,42,G<F,,8500.0,14000.0,pre_known_events,4000,0.06354855000972748,mlp_L0,3,dim,"26,9,11",0.06354855109303507,0.042704626334519574,0.04341637010676157,0.0014943506310827707,0.1307313428786753
mul_GF,mul,53,0.0016,2.4497,42,G<F,,8500.0,14000.0,pre_known_events,4000,0.06354855000972748,attn_L1,3,dim,"20,21,22",0.06354855109303507,0.05236400610066091,0.04860193187595323,0.0021949194860114802,0.15734078210037797
mul_GF,mul,53,0.0016,2.4497,42,G<F,,8500.0,14000.0,pre_known_events,4000,0.06354855000972748,mlp_L1,3,dim,"3,25,20",0.06354855109303507,0.05236400610066091,0.051143873919674634,0.0030604813306136062,0.13747036036863483
mul_GF,mul,53,0.0016,2.4497,42,G<F,,8500.0,14000.0,pre_known_events,4000,0.06354855000972748,resid_final,3,dim,"10,24,20",0.06354855109303507,0.04931367564819522,0.051042196237925774,0.0032884517801314126,0.11894829361555315
mul_GF,mul,53,0.0016,2.4497,42,G<F,,8500.0,14000.0,between_gen_F_partial,11000,0.9755973815917969,embed,3,dim,"9,26,18",0.9755973563802746,0.10930350788002034,0.072089476359939,0.0014874162519906248,0.1262556620719572
mul_GF,mul,53,0.0016,2.4497,42,G<F,,8500.0,14000.0,between_gen_F_partial,11000,0.9755973815917969,attn_L0,3,dim,"15,1,25",0.9755973563802746,0.9623792577529232,0.9595322826639553,0.004137669537239596,0.18037176227604132
mul_GF,mul,53,0.0016,2.4497,42,G<F,,8500.0,14000.0,between_gen_F_partial,11000,0.9755973815917969,mlp_L0,3,dim,"26,9,8",0.9755973563802746,0.07066598881545501,0.05826131164209456,0.002482268554292568,0.13022110325146039
mul_GF,mul,53,0.0016,2.4497,42,G<F,,8500.0,14000.0,between_gen_F_partial,11000,0.9755973815917969,attn_L1,3,dim,"15,17,6",0.9755973563802746,0.8169801728520589,0.5803762074224708,0.00972391680000425,0.13706230923681934
mul_GF,mul,53,0.0016,2.4497,42,G<F,,8500.0,14000.0,between_gen_F_partial,11000,0.9755973815917969,mlp_L1,3,dim,"20,13,8",0.9755973563802746,0.7254702592780885,0.6111845449923743,0.012387997486949067,0.1411248126229623
mul_GF,mul,53,0.0016,2.4497,42,G<F,,8500.0,14000.0,between_gen_F_partial,11000,0.9755973815917969,resid_final,3,dim,"15,25,16",0.9755973563802746,0.5200813421453991,0.4886629384850026,0.007563890152881468,0.11735268498081919
mul_GF,mul,53,0.0016,2.4497,42,G<F,,8500.0,14000.0,post_known_events,15500,0.9944077134132385,embed,3,dim,"9,6,26",0.9944077275038129,0.31875953228266396,0.12079308591764108,0.0024189887653015374,0.1266763117919228
mul_GF,mul,53,0.0016,2.4497,42,G<F,,8500.0,14000.0,post_known_events,15500,0.9944077134132385,attn_L0,3,dim,"9,13,12",0.9944077275038129,0.9862735129639044,0.9880020335536349,0.0009429200300453371,0.21290921948568856
mul_GF,mul,53,0.0016,2.4497,42,G<F,,8500.0,14000.0,post_known_events,15500,0.9944077134132385,mlp_L0,3,dim,"26,9,6",0.9944077275038129,0.1682765632943569,0.09862735129639046,0.002204319612473695,0.13167494652389974
mul_GF,mul,53,0.0016,2.4497,42,G<F,,8500.0,14000.0,post_known_events,15500,0.9944077134132385,attn_L1,3,dim,"23,25,17",0.9944077275038129,0.8744280630401627,0.6078291814946619,0.009498023506380678,0.12883841393912665
mul_GF,mul,53,0.0016,2.4497,42,G<F,,8500.0,14000.0,post_known_events,15500,0.9944077134132385,mlp_L1,3,dim,"20,25,11",0.9944077275038129,0.9659379766141332,0.9225216065073717,0.006003290053533507,0.13657646206844926
mul_GF,mul,53,0.0016,2.4497,42,G<F,,8500.0,14000.0,post_known_events,15500,0.9944077134132385,resid_final,3,dim,"9,23,13",0.9944077275038129,0.6410777834265379,0.588713777325877,0.012977354785673186,0.11953856959160947
p97_GF,add,97,0.0016,2.4497,42,G<F,,2500.0,30500.0,pre_known_events,1000,0.0034917262382805347,embed,3,dim,"45,15,44",0.003491726127220282,0.004402611203886443,0.0057993016547745555,0.0008337349456654611,0.06921500737194042
p97_GF,add,97,0.0016,2.4497,42,G<F,,2500.0,30500.0,pre_known_events,1000,0.0034917262382805347,attn_L0,3,dim,"44,8,45",0.003491726127220282,0.004554425383330803,0.0032488234401093067,0.0002815733564747445,0.10136684958867066
p97_GF,add,97,0.0016,2.4497,42,G<F,,2500.0,30500.0,pre_known_events,1000,0.0034917262382805347,mlp_L0,3,dim,"40,20,21",0.003491726127220282,0.003491726127220282,0.0025201153787763773,0.0009725591242172137,0.07349458951883507
p97_GF,add,97,0.0016,2.4497,42,G<F,,2500.0,30500.0,pre_known_events,1000,0.0034917262382805347,attn_L1,3,dim,"45,23,2",0.003491726127220282,0.0021253985122210413,0.0031880977683315615,0.0005345928908959773,0.1281411350068532
p97_GF,add,97,0.0016,2.4497,42,G<F,,2500.0,30500.0,pre_known_events,1000,0.0034917262382805347,mlp_L1,3,dim,"45,23,18",0.003491726127220282,0.0025808410505541216,0.003582814634886899,0.0004762224727905913,0.09392455609477057
p97_GF,add,97,0.0016,2.4497,42,G<F,,2500.0,30500.0,pre_known_events,1000,0.0034917262382805347,resid_final,3,dim,"45,23,18",0.003491726127220282,0.003188097768331562,0.0043418855321086984,0.0007412512898578231,0.1424922906142014
p97_GF,add,97,0.0016,2.4497,42,G<F,,2500.0,30500.0,between_gen_F_partial,16500,1.0,embed,3,dim,"40,44,47",1.0,0.8982844997722788,0.6129952937604373,0.006544159714320076,0.14784243873925884
p97_GF,add,97,0.0016,2.4497,42,G<F,,2500.0,30500.0,between_gen_F_partial,16500,1.0,attn_L0,3,dim,"40,44,18",1.0,0.9335053894033702,0.9953544861090027,0.0006339946263191361,0.21963460835137777
p97_GF,add,97,0.0016,2.4497,42,G<F,,2500.0,30500.0,between_gen_F_partial,16500,1.0,mlp_L0,3,dim,"40,47,41",1.0,0.049339608319417035,0.06822529224229543,0.003150427719121346,0.1331457834564582
p97_GF,add,97,0.0016,2.4497,42,G<F,,2500.0,30500.0,between_gen_F_partial,16500,1.0,attn_L1,3,dim,"2,23,45",1.0,0.1864278123576742,0.9462274176408076,0.0024841921565608035,0.5984435249348339
p97_GF,add,97,0.0016,2.4497,42,G<F,,2500.0,30500.0,between_gen_F_partial,16500,1.0,mlp_L1,3,dim,"23,18,9",1.0,0.64414756338242,0.9994534689540003,0.0002059307722217944,0.40850120756326386
p97_GF,add,97,0.0016,2.4497,42,G<F,,2500.0,30500.0,between_gen_F_partial,16500,1.0,resid_final,3,dim,"2,23,40",1.0,0.561560649764688,1.0,0.0,0.363028542573271
p97_GF,add,97,0.0016,2.4497,42,G<F,,2500.0,30500.0,post_known_events,37500,1.0,embed,3,dim,"40,2,23",1.0,0.43054501290420527,0.37006224381357217,0.008438246717955157,0.6855830546741535
p97_GF,add,97,0.0016,2.4497,42,G<F,,2500.0,30500.0,post_known_events,37500,1.0,attn_L0,3,dim,"40,2,23",1.0,0.6764839836040686,1.0,0.0,0.9608201744329984
p97_GF,add,97,0.0016,2.4497,42,G<F,,2500.0,30500.0,post_known_events,37500,1.0,mlp_L0,3,dim,"40,17,23",1.0,0.9927129193866707,1.0,0.0,0.9443986518942926
p97_GF,add,97,0.0016,2.4497,42,G<F,,2500.0,30500.0,post_known_events,37500,1.0,attn_L1,3,dim,"2,23,18",1.0,0.4138454531653256,0.9633824199180203,0.0029397121463390795,0.703724275532421
p97_GF,add,97,0.0016,2.4497,42,G<F,,2500.0,30500.0,post_known_events,37500,1.0,mlp_L1,3,dim,"23,18,8",1.0,0.8043115226962199,1.0,0.0,0.4571390474751596
p97_GF,add,97,0.0016,2.4497,42,G<F,,2500.0,30500.0,post_known_events,37500,1.0,resid_final,3,dim,"40,23,2",1.0,0.6077121603157735,1.0,0.0,0.48211584401898583
wd_high_GF,add,53,0.0016,3.1075,42,G<F,,12000.0,24500.0,pre_known_events,6000,0.024402644485235214,embed,3,dim,"9,26,11",0.02440264361972547,0.05338078291814947,0.021860701576004067,0.0016707347966603953,0.13028134398868382
wd_high_GF,add,53,0.0016,3.1075,42,G<F,,12000.0,24500.0,pre_known_events,6000,0.024402644485235214,attn_L0,3,dim,"3,24,25",0.02440264361972547,0.020335536349771224,0.017996949669547534,0.0028506041217846844,0.2340018161005465
wd_high_GF,add,53,0.0016,3.1075,42,G<F,,12000.0,24500.0,pre_known_events,6000,0.024402644485235214,mlp_L0,3,dim,"8,26,1",0.02440264361972547,0.0066090493136756485,0.008235892221657347,0.002393208397750853,0.16562833102627691
wd_high_GF,add,53,0.0016,3.1075,42,G<F,,12000.0,24500.0,pre_known_events,6000,0.024402644485235214,attn_L1,3,dim,"19,14,3",0.02440264361972547,0.0066090493136756485,0.01779359430604982,0.0023845530044857297,0.31325124693643225
wd_high_GF,add,53,0.0016,3.1075,42,G<F,,12000.0,24500.0,pre_known_events,6000,0.024402644485235214,mlp_L1,3,dim,"3,19,14",0.02440264361972547,0.010167768174885612,0.0224707676664972,0.0032217548587198494,0.19901801396414132
wd_high_GF,add,53,0.0016,3.1075,42,G<F,,12000.0,24500.0,pre_known_events,6000,0.024402644485235214,resid_final,3,dim,"3,19,14",0.02440264361972547,0.009150991357397052,0.03253685815963396,0.003433033658593621,0.2904299307929818
wd_high_GF,add,53,0.0016,3.1075,42,G<F,,12000.0,24500.0,between_gen_F_partial,18000,0.9857650995254517,embed,3,dim,"13,9,25",0.9857651245551602,0.9334011184544992,0.17539400101677682,0.009779046294698201,0.16717410712804293
wd_high_GF,add,53,0.0016,3.1075,42,G<F,,12000.0,24500.0,between_gen_F_partial,18000,0.9857650995254517,attn_L0,3,dim,"13,11,3",0.9857651245551602,0.9273004575495679,0.9179461108286731,0.0060204865655668315,0.2534403994152915
wd_high_GF,add,53,0.0016,3.1075,42,G<F,,12000.0,24500.0,between_gen_F_partial,18000,0.9857650995254517,mlp_L0,3,dim,"13,26,9",0.9857651245551602,0.08845958312150483,0.06192170818505338,0.0004981168770275903,0.1667438001879381
wd_high_GF,add,53,0.0016,3.1075,42,G<F,,12000.0,24500.0,between_gen_F_partial,18000,0.9857650995254517,attn_L1,3,dim,"12,23,19",0.9857651245551602,0.15912557193695984,0.7553634977122521,0.009136292776506445,0.7037477184362072
wd_high_GF,add,53,0.0016,3.1075,42,G<F,,12000.0,24500.0,between_gen_F_partial,18000,0.9857650995254517,mlp_L1,3,dim,"19,23,3",0.9857651245551602,0.31926792069140825,0.9284189120488053,0.0020436961100398277,0.46547268635273437
wd_high_GF,add,53,0.0016,3.1075,42,G<F,,12000.0,24500.0,between_gen_F_partial,18000,0.9857650995254517,resid_final,3,dim,"12,19,24",0.9857651245551602,0.5882053889171327,0.9435688866293848,0.002490584385137958,0.3944236995048352
wd_high_GF,add,53,0.0016,3.1075,42,G<F,,12000.0,24500.0,post_known_events,27500,1.0,embed,3,dim,"13,12,19",1.0,0.32486019318759535,0.16441281138790037,0.0018358383411558538,0.692253215266724
wd_high_GF,add,53,0.0016,3.1075,42,G<F,,12000.0,24500.0,post_known_events,27500,1.0,attn_L0,3,dim,"13,12,26",1.0,0.6609049313675648,0.9918657854600916,0.0021569093477983203,0.9638036686709247
wd_high_GF,add,53,0.0016,3.1075,42,G<F,,12000.0,24500.0,post_known_events,27500,1.0,mlp_L0,3,dim,"13,26,7",1.0,0.8591764107778342,1.0,0.0,0.9042273354670652
wd_high_GF,add,53,0.0016,3.1075,42,G<F,,12000.0,24500.0,post_known_events,27500,1.0,attn_L1,3,dim,"12,19,23",1.0,0.2516522623284189,0.7109303507880022,0.02042835957893724,0.6992267825173454
wd_high_GF,add,53,0.0016,3.1075,42,G<F,,12000.0,24500.0,post_known_events,27500,1.0,mlp_L1,3,dim,"19,23,14",1.0,0.7910523640061007,1.0,0.0,0.49371845409546866
wd_high_GF,add,53,0.0016,3.1075,42,G<F,,12000.0,24500.0,post_known_events,27500,1.0,resid_final,3,dim,"13,19,12",1.0,0.971021860701576,0.9993899339095069,0.000203355363497737,0.6144307753716791
wd_low_GF,add,53,0.0016,1.5223,42,G<F,,14000.0,21500.0,pre_known_events,7000,0.021352313458919525,embed,3,dim,"9,26,24",0.021352313167259787,0.02592780884595831,0.02257244534824606,0.004576625291276828,0.12700946258804233
wd_low_GF,add,53,0.0016,1.5223,42,G<F,,14000.0,21500.0,pre_known_events,7000,0.021352313458919525,attn_L0,3,dim,"24,3,7",0.021352313167259787,0.0157600406710727,0.017996949669547534,0.0013866986982192019,0.23487948977935852
wd_low_GF,add,53,0.0016,1.5223,42,G<F,,14000.0,21500.0,pre_known_events,7000,0.021352313458919525,mlp_L0,3,dim,"26,8,1",0.021352313167259787,0.007625826131164209,0.00681240467717336,0.002073825933337177,0.1675132831420429
wd_low_GF,add,53,0.0016,1.5223,42,G<F,,14000.0,21500.0,pre_known_events,7000,0.021352313458919525,attn_L1,3,dim,"24,19,23",0.021352313167259787,0.009150991357397052,0.016370106761565837,0.002305192485766067,0.28517356773231073
wd_low_GF,add,53,0.0016,1.5223,42,G<F,,14000.0,21500.0,pre_known_events,7000,0.021352313458919525,mlp_L1,3,dim,"24,23,19",0.021352313167259787,0.009150991357397052,0.018098627351296394,0.0006896115895399364,0.2470660355851553
wd_low_GF,add,53,0.0016,1.5223,42,G<F,,14000.0,21500.0,pre_known_events,7000,0.021352313458919525,resid_final,3,dim,"24,7,23",0.021352313167259787,0.007625826131164209,0.026944585663446874,0.0008506965190992124,0.2671620437081097
wd_low_GF,add,53,0.0016,1.5223,42,G<F,,14000.0,21500.0,between_gen_F_partial,18000,0.9171326756477356,embed,3,dim,"9,11,26",0.9171326893746823,0.8083375699034062,0.22755465175394002,0.01326338493878624,0.1416591829918562
wd_low_GF,add,53,0.0016,1.5223,42,G<F,,14000.0,21500.0,between_gen_F_partial,18000,0.9171326756477356,attn_L0,3,dim,"9,24,3",0.9171326893746823,0.8576512455516014,0.9045246568378241,0.0031074136837694437,0.2965828464712896
wd_low_GF,add,53,0.0016,1.5223,42,G<F,,14000.0,21500.0,between_gen_F_partial,18000,0.9171326756477356,mlp_L0,3,dim,"9,26,18",0.9171326893746823,0.13726487036095578,0.09811896288764616,0.004105059326524933,0.16857741888054623
wd_low_GF,add,53,0.0016,1.5223,42,G<F,,14000.0,21500.0,between_gen_F_partial,18000,0.9171326756477356,attn_L1,3,dim,"7,19,23",0.9171326893746823,0.14844941535332995,0.6824605998983223,0.0033197412744920113,0.5680782313971234
wd_low_GF,add,53,0.0016,1.5223,42,G<F,,14000.0,21500.0,between_gen_F_partial,18000,0.9171326756477356,mlp_L1,3,dim,"24,23,21",0.9171326893746823,0.22979156075241486,0.8054905948144382,0.009029298738909352,0.45402854576347595
wd_low_GF,add,53,0.0016,1.5223,42,G<F,,14000.0,21500.0,between_gen_F_partial,18000,0.9171326756477356,resid_final,3,dim,"19,7,24",0.9171326893746823,0.273512963904423,0.8406710726995424,0.007121794004204366,0.34894711657526095
wd_low_GF,add,53,0.0016,1.5223,42,G<F,,14000.0,21500.0,post_known_events,23500,0.9898322224617004,embed,3,dim,"9,11,26",0.9898322318251144,0.9740721911540416,0.5152008134214539,0.006562741052610029,0.1781985307557389
wd_low_GF,add,53,0.0016,1.5223,42,G<F,,14000.0,21500.0,post_known_events,23500,0.9898322224617004,attn_L0,3,dim,"9,24,11",0.9898322318251144,0.9755973563802746,0.9871886120996441,0.0004981168770275834,0.4427829145750066
wd_low_GF,add,53,0.0016,1.5223,42,G<F,,14000.0,21500.0,post_known_events,23500,0.9898322224617004,mlp_L0,3,dim,"9,26,18",0.9898322318251144,0.33960345704117945,0.3422470767666497,0.005619014490960079,0.19616801614181473
wd_low_GF,add,53,0.0016,1.5223,42,G<F,,14000.0,21500.0,post_known_events,23500,0.9898322224617004,attn_L1,3,dim,"7,19,23",0.9898322318251144,0.2440264361972547,0.8808337569903406,0.006633251217203906,0.6692218026277116
wd_low_GF,add,53,0.0016,1.5223,42,G<F,,14000.0,21500.0,post_known_events,23500,0.9898322224617004,mlp_L1,3,dim,"24,3,21",0.9898322318251144,0.56888662938485,0.9796644636502287,0.003325963850289004,0.48944860169902565
wd_low_GF,add,53,0.0016,1.5223,42,G<F,,14000.0,21500.0,post_known_events,23500,0.9898322224617004,resid_final,3,dim,"7,24,19",0.9898322318251144,0.5953228266395526,0.9805795627859684,0.002190204293699833,0.41473926004884754
