cell_label,category,lr,wd,seed,observed_phase,tau_gen,null_interval,ema_alpha,slope_thresh,tau_F,delta,ordering
wd1.71_s7,strong_GF,0.0016,1.7145,7,Grokking,17000.0,500,1.0,0.005,21500.0,4500.0,G<F
wd1.71_s7,strong_GF,0.0016,1.7145,7,Grokking,17000.0,500,1.0,0.01,21500.0,4500.0,G<F
wd1.71_s7,strong_GF,0.0016,1.7145,7,Grokking,17000.0,500,1.0,0.02,21500.0,4500.0,G<F
wd1.71_s7,strong_GF,0.0016,1.7145,7,Grokking,17000.0,500,0.3,0.005,22500.0,5500.0,G<F
wd1.71_s7,strong_GF,0.0016,1.7145,7,Grokking,17000.0,500,0.3,0.01,22500.0,5500.0,G<F
wd1.71_s7,strong_GF,0.0016,1.7145,7,Grokking,17000.0,500,0.3,0.02,22500.0,5500.0,G<F
wd1.71_s7,strong_GF,0.0016,1.7145,7,Grokking,17000.0,500,0.15,0.005,24000.0,7000.0,G<F
wd1.71_s7,strong_GF,0.0016,1.7145,7,Grokking,17000.0,500,0.15,0.01,24000.0,7000.0,G<F
wd1.71_s7,strong_GF,0.0016,1.7145,7,Grokking,17000.0,500,0.15,0.02,24000.0,7000.0,G<F
wd1.71_s7,strong_GF,0.0016,1.7145,7,Grokking,17000.0,500,0.05,0.005,26500.0,9500.0,G<F
wd1.71_s7,strong_GF,0.0016,1.7145,7,Grokking,17000.0,500,0.05,0.01,26500.0,9500.0,G<F
wd1.71_s7,strong_GF,0.0016,1.7145,7,Grokking,17000.0,500,0.05,0.02,26500.0,9500.0,G<F
wd1.71_s7,strong_GF,0.0016,1.7145,7,Grokking,17000.0,2500,1.0,0.005,21000.0,4000.0,G<F
wd1.71_s7,strong_GF,0.0016,1.7145,7,Grokking,17000.0,2500,1.0,0.01,21000.0,4000.0,G<F
wd1.71_s7,strong_GF,0.0016,1.7145,7,Grokking,17000.0,2500,1.0,0.02,21000.0,4000.0,G<F
wd1.71_s7,strong_GF,0.0016,1.7145,7,Grokking,17000.0,2500,0.3,0.005,22500.0,5500.0,G<F
wd1.71_s7,strong_GF,0.0016,1.7145,7,Grokking,17000.0,2500,0.3,0.01,22500.0,5500.0,G<F
wd1.71_s7,strong_GF,0.0016,1.7145,7,Grokking,17000.0,2500,0.3,0.02,22500.0,5500.0,G<F
wd1.71_s7,strong_GF,0.0016,1.7145,7,Grokking,17000.0,2500,0.15,0.005,23500.0,6500.0,G<F
wd1.71_s7,strong_GF,0.0016,1.7145,7,Grokking,17000.0,2500,0.15,0.01,23500.0,6500.0,G<F
wd1.71_s7,strong_GF,0.0016,1.7145,7,Grokking,17000.0,2500,0.15,0.02,23500.0,6500.0,G<F
wd1.71_s7,strong_GF,0.0016,1.7145,7,Grokking,17000.0,2500,0.05,0.005,26500.0,9500.0,G<F
wd1.71_s7,strong_GF,0.0016,1.7145,7,Grokking,17000.0,2500,0.05,0.01,26500.0,9500.0,G<F
wd1.71_s7,strong_GF,0.0016,1.7145,7,Grokking,17000.0,2500,0.05,0.02,26500.0,9500.0,G<F
wd1.71_s7,strong_GF,0.0016,1.7145,7,Grokking,17000.0,5000,1.0,0.005,21000.0,4000.0,G<F
wd1.71_s7,strong_GF,0.0016,1.7145,7,Grokking,17000.0,5000,1.0,0.01,21000.0,4000.0,G<F
wd1.71_s7,strong_GF,0.0016,1.7145,7,Grokking,17000.0,5000,1.0,0.02,21000.0,4000.0,G<F
wd1.71_s7,strong_GF,0.0016,1.7145,7,Grokking,17000.0,5000,0.3,0.005,22500.0,5500.0,G<F
wd1.71_s7,strong_GF,0.0016,1.7145,7,Grokking,17000.0,5000,0.3,0.01,22500.0,5500.0,G<F
wd1.71_s7,strong_GF,0.0016,1.7145,7,Grokking,17000.0,5000,0.3,0.02,22500.0,5500.0,G<F
wd1.71_s7,strong_GF,0.0016,1.7145,7,Grokking,17000.0,5000,0.15,0.005,23500.0,6500.0,G<F
wd1.71_s7,strong_GF,0.0016,1.7145,7,Grokking,17000.0,5000,0.15,0.01,23500.0,6500.0,G<F
wd1.71_s7,strong_GF,0.0016,1.7145,7,Grokking,17000.0,5000,0.15,0.02,23500.0,6500.0,G<F
wd1.71_s7,strong_GF,0.0016,1.7145,7,Grokking,17000.0,5000,0.05,0.005,26500.0,9500.0,G<F
wd1.71_s7,strong_GF,0.0016,1.7145,7,Grokking,17000.0,5000,0.05,0.01,26500.0,9500.0,G<F
wd1.71_s7,strong_GF,0.0016,1.7145,7,Grokking,17000.0,5000,0.05,0.02,26500.0,9500.0,G<F
wd2.76_s42,strong_GF,0.0016,2.7591,42,Grokking,11500.0,500,1.0,0.005,28000.0,16500.0,G<F
wd2.76_s42,strong_GF,0.0016,2.7591,42,Grokking,11500.0,500,1.0,0.01,28000.0,16500.0,G<F
wd2.76_s42,strong_GF,0.0016,2.7591,42,Grokking,11500.0,500,1.0,0.02,28000.0,16500.0,G<F
wd2.76_s42,strong_GF,0.0016,2.7591,42,Grokking,11500.0,500,0.3,0.005,28500.0,17000.0,G<F
wd2.76_s42,strong_GF,0.0016,2.7591,42,Grokking,11500.0,500,0.3,0.01,28500.0,17000.0,G<F
wd2.76_s42,strong_GF,0.0016,2.7591,42,Grokking,11500.0,500,0.3,0.02,28500.0,17000.0,G<F
wd2.76_s42,strong_GF,0.0016,2.7591,42,Grokking,11500.0,500,0.15,0.005,29000.0,17500.0,G<F
wd2.76_s42,strong_GF,0.0016,2.7591,42,Grokking,11500.0,500,0.15,0.01,29000.0,17500.0,G<F
wd2.76_s42,strong_GF,0.0016,2.7591,42,Grokking,11500.0,500,0.15,0.02,29000.0,17500.0,G<F
wd2.76_s42,strong_GF,0.0016,2.7591,42,Grokking,11500.0,500,0.05,0.005,28500.0,17000.0,G<F
wd2.76_s42,strong_GF,0.0016,2.7591,42,Grokking,11500.0,500,0.05,0.01,28500.0,17000.0,G<F
wd2.76_s42,strong_GF,0.0016,2.7591,42,Grokking,11500.0,500,0.05,0.02,28500.0,17000.0,G<F
wd2.76_s42,strong_GF,0.0016,2.7591,42,Grokking,11500.0,2500,1.0,0.005,28000.0,16500.0,G<F
wd2.76_s42,strong_GF,0.0016,2.7591,42,Grokking,11500.0,2500,1.0,0.01,28000.0,16500.0,G<F
wd2.76_s42,strong_GF,0.0016,2.7591,42,Grokking,11500.0,2500,1.0,0.02,28000.0,16500.0,G<F
wd2.76_s42,strong_GF,0.0016,2.7591,42,Grokking,11500.0,2500,0.3,0.005,28500.0,17000.0,G<F
wd2.76_s42,strong_GF,0.0016,2.7591,42,Grokking,11500.0,2500,0.3,0.01,28500.0,17000.0,G<F
wd2.76_s42,strong_GF,0.0016,2.7591,42,Grokking,11500.0,2500,0.3,0.02,28500.0,17000.0,G<F
wd2.76_s42,strong_GF,0.0016,2.7591,42,Grokking,11500.0,2500,0.15,0.005,29000.0,17500.0,G<F
wd2.76_s42,strong_GF,0.0016,2.7591,42,Grokking,11500.0,2500,0.15,0.01,29000.0,17500.0,G<F
wd2.76_s42,strong_GF,0.0016,2.7591,42,Grokking,11500.0,2500,0.15,0.02,29000.0,17500.0,G<F
wd2.76_s42,strong_GF,0.0016,2.7591,42,Grokking,11500.0,2500,0.05,0.005,28500.0,17000.0,G<F
wd2.76_s42,strong_GF,0.0016,2.7591,42,Grokking,11500.0,2500,0.05,0.01,28500.0,17000.0,G<F
wd2.76_s42,strong_GF,0.0016,2.7591,42,Grokking,11500.0,2500,0.05,0.02,28500.0,17000.0,G<F
wd2.76_s42,strong_GF,0.0016,2.7591,42,Grokking,11500.0,5000,1.0,0.005,28000.0,16500.0,G<F
wd2.76_s42,strong_GF,0.0016,2.7591,42,Grokking,11500.0,5000,1.0,0.01,28000.0,16500.0,G<F
wd2.76_s42,strong_GF,0.0016,2.7591,42,Grokking,11500.0,5000,1.0,0.02,28000.0,16500.0,G<F
wd2.76_s42,strong_GF,0.0016,2.7591,42,Grokking,11500.0,5000,0.3,0.005,28500.0,17000.0,G<F
wd2.76_s42,strong_GF,0.0016,2.7591,42,Grokking,11500.0,5000,0.3,0.01,28500.0,17000.0,G<F
wd2.76_s42,strong_GF,0.0016,2.7591,42,Grokking,11500.0,5000,0.3,0.02,28500.0,17000.0,G<F
wd2.76_s42,strong_GF,0.0016,2.7591,42,Grokking,11500.0,5000,0.15,0.005,29000.0,17500.0,G<F
wd2.76_s42,strong_GF,0.0016,2.7591,42,Grokking,11500.0,5000,0.15,0.01,29000.0,17500.0,G<F
wd2.76_s42,strong_GF,0.0016,2.7591,42,Grokking,11500.0,5000,0.15,0.02,29000.0,17500.0,G<F
wd2.76_s42,strong_GF,0.0016,2.7591,42,Grokking,11500.0,5000,0.05,0.005,28500.0,17000.0,G<F
wd2.76_s42,strong_GF,0.0016,2.7591,42,Grokking,11500.0,5000,0.05,0.01,28500.0,17000.0,G<F
wd2.76_s42,strong_GF,0.0016,2.7591,42,Grokking,11500.0,5000,0.05,0.02,28500.0,17000.0,G<F
wd1.52_s42,medium_GF,0.0016,1.5223,42,Grokking,14000.0,500,1.0,0.005,19500.0,5500.0,G<F
wd1.52_s42,medium_GF,0.0016,1.5223,42,Grokking,14000.0,500,1.0,0.01,19500.0,5500.0,G<F
wd1.52_s42,medium_GF,0.0016,1.5223,42,Grokking,14000.0,500,1.0,0.02,19500.0,5500.0,G<F
wd1.52_s42,medium_GF,0.0016,1.5223,42,Grokking,14000.0,500,0.3,0.005,20000.0,6000.0,G<F
wd1.52_s42,medium_GF,0.0016,1.5223,42,Grokking,14000.0,500,0.3,0.01,20000.0,6000.0,G<F
wd1.52_s42,medium_GF,0.0016,1.5223,42,Grokking,14000.0,500,0.3,0.02,20000.0,6000.0,G<F
wd1.52_s42,medium_GF,0.0016,1.5223,42,Grokking,14000.0,500,0.15,0.005,21500.0,7500.0,G<F
wd1.52_s42,medium_GF,0.0016,1.5223,42,Grokking,14000.0,500,0.15,0.01,21500.0,7500.0,G<F
wd1.52_s42,medium_GF,0.0016,1.5223,42,Grokking,14000.0,500,0.15,0.02,21500.0,7500.0,G<F
wd1.52_s42,medium_GF,0.0016,1.5223,42,Grokking,14000.0,500,0.05,0.005,24000.0,10000.0,G<F
wd1.52_s42,medium_GF,0.0016,1.5223,42,Grokking,14000.0,500,0.05,0.01,24000.0,10000.0,G<F
wd1.52_s42,medium_GF,0.0016,1.5223,42,Grokking,14000.0,500,0.05,0.02,24000.0,10000.0,G<F
wd1.52_s42,medium_GF,0.0016,1.5223,42,Grokking,14000.0,2500,1.0,0.005,19500.0,5500.0,G<F
wd1.52_s42,medium_GF,0.0016,1.5223,42,Grokking,14000.0,2500,1.0,0.01,19500.0,5500.0,G<F
wd1.52_s42,medium_GF,0.0016,1.5223,42,Grokking,14000.0,2500,1.0,0.02,19500.0,5500.0,G<F
wd1.52_s42,medium_GF,0.0016,1.5223,42,Grokking,14000.0,2500,0.3,0.005,20500.0,6500.0,G<F
wd1.52_s42,medium_GF,0.0016,1.5223,42,Grokking,14000.0,2500,0.3,0.01,20500.0,6500.0,G<F
wd1.52_s42,medium_GF,0.0016,1.5223,42,Grokking,14000.0,2500,0.3,0.02,20500.0,6500.0,G<F
wd1.52_s42,medium_GF,0.0016,1.5223,42,Grokking,14000.0,2500,0.15,0.005,21500.0,7500.0,G<F
wd1.52_s42,medium_GF,0.0016,1.5223,42,Grokking,14000.0,2500,0.15,0.01,21500.0,7500.0,G<F
wd1.52_s42,medium_GF,0.0016,1.5223,42,Grokking,14000.0,2500,0.15,0.02,21500.0,7500.0,G<F
wd1.52_s42,medium_GF,0.0016,1.5223,42,Grokking,14000.0,2500,0.05,0.005,24000.0,10000.0,G<F
wd1.52_s42,medium_GF,0.0016,1.5223,42,Grokking,14000.0,2500,0.05,0.01,24000.0,10000.0,G<F
wd1.52_s42,medium_GF,0.0016,1.5223,42,Grokking,14000.0,2500,0.05,0.02,24000.0,10000.0,G<F
wd1.52_s42,medium_GF,0.0016,1.5223,42,Grokking,14000.0,5000,1.0,0.005,19500.0,5500.0,G<F
wd1.52_s42,medium_GF,0.0016,1.5223,42,Grokking,14000.0,5000,1.0,0.01,19500.0,5500.0,G<F
wd1.52_s42,medium_GF,0.0016,1.5223,42,Grokking,14000.0,5000,1.0,0.02,19500.0,5500.0,G<F
wd1.52_s42,medium_GF,0.0016,1.5223,42,Grokking,14000.0,5000,0.3,0.005,20500.0,6500.0,G<F
wd1.52_s42,medium_GF,0.0016,1.5223,42,Grokking,14000.0,5000,0.3,0.01,20500.0,6500.0,G<F
wd1.52_s42,medium_GF,0.0016,1.5223,42,Grokking,14000.0,5000,0.3,0.02,20500.0,6500.0,G<F
wd1.52_s42,medium_GF,0.0016,1.5223,42,Grokking,14000.0,5000,0.15,0.005,21500.0,7500.0,G<F
wd1.52_s42,medium_GF,0.0016,1.5223,42,Grokking,14000.0,5000,0.15,0.01,21500.0,7500.0,G<F
wd1.52_s42,medium_GF,0.0016,1.5223,42,Grokking,14000.0,5000,0.15,0.02,21500.0,7500.0,G<F
wd1.52_s42,medium_GF,0.0016,1.5223,42,Grokking,14000.0,5000,0.05,0.005,24000.0,10000.0,G<F
wd1.52_s42,medium_GF,0.0016,1.5223,42,Grokking,14000.0,5000,0.05,0.01,24000.0,10000.0,G<F
wd1.52_s42,medium_GF,0.0016,1.5223,42,Grokking,14000.0,5000,0.05,0.02,24000.0,10000.0,G<F
wd2.18_s42,medium_GF,0.0016,2.175,42,Grokking,15000.0,500,1.0,0.005,27000.0,12000.0,G<F
wd2.18_s42,medium_GF,0.0016,2.175,42,Grokking,15000.0,500,1.0,0.01,27000.0,12000.0,G<F
wd2.18_s42,medium_GF,0.0016,2.175,42,Grokking,15000.0,500,1.0,0.02,27000.0,12000.0,G<F
wd2.18_s42,medium_GF,0.0016,2.175,42,Grokking,15000.0,500,0.3,0.005,27500.0,12500.0,G<F
wd2.18_s42,medium_GF,0.0016,2.175,42,Grokking,15000.0,500,0.3,0.01,27500.0,12500.0,G<F
wd2.18_s42,medium_GF,0.0016,2.175,42,Grokking,15000.0,500,0.3,0.02,27500.0,12500.0,G<F
wd2.18_s42,medium_GF,0.0016,2.175,42,Grokking,15000.0,500,0.15,0.005,24000.0,9000.0,G<F
wd2.18_s42,medium_GF,0.0016,2.175,42,Grokking,15000.0,500,0.15,0.01,24000.0,9000.0,G<F
wd2.18_s42,medium_GF,0.0016,2.175,42,Grokking,15000.0,500,0.15,0.02,24000.0,9000.0,G<F
wd2.18_s42,medium_GF,0.0016,2.175,42,Grokking,15000.0,500,0.05,0.005,27000.0,12000.0,G<F
wd2.18_s42,medium_GF,0.0016,2.175,42,Grokking,15000.0,500,0.05,0.01,27000.0,12000.0,G<F
wd2.18_s42,medium_GF,0.0016,2.175,42,Grokking,15000.0,500,0.05,0.02,27000.0,12000.0,G<F
wd2.18_s42,medium_GF,0.0016,2.175,42,Grokking,15000.0,2500,1.0,0.005,26500.0,11500.0,G<F
wd2.18_s42,medium_GF,0.0016,2.175,42,Grokking,15000.0,2500,1.0,0.01,26500.0,11500.0,G<F
wd2.18_s42,medium_GF,0.0016,2.175,42,Grokking,15000.0,2500,1.0,0.02,26500.0,11500.0,G<F
wd2.18_s42,medium_GF,0.0016,2.175,42,Grokking,15000.0,2500,0.3,0.005,27000.0,12000.0,G<F
wd2.18_s42,medium_GF,0.0016,2.175,42,Grokking,15000.0,2500,0.3,0.01,27000.0,12000.0,G<F
wd2.18_s42,medium_GF,0.0016,2.175,42,Grokking,15000.0,2500,0.3,0.02,27000.0,12000.0,G<F
wd2.18_s42,medium_GF,0.0016,2.175,42,Grokking,15000.0,2500,0.15,0.005,24000.0,9000.0,G<F
wd2.18_s42,medium_GF,0.0016,2.175,42,Grokking,15000.0,2500,0.15,0.01,24000.0,9000.0,G<F
wd2.18_s42,medium_GF,0.0016,2.175,42,Grokking,15000.0,2500,0.15,0.02,24000.0,9000.0,G<F
wd2.18_s42,medium_GF,0.0016,2.175,42,Grokking,15000.0,2500,0.05,0.005,27000.0,12000.0,G<F
wd2.18_s42,medium_GF,0.0016,2.175,42,Grokking,15000.0,2500,0.05,0.01,27000.0,12000.0,G<F
wd2.18_s42,medium_GF,0.0016,2.175,42,Grokking,15000.0,2500,0.05,0.02,27000.0,12000.0,G<F
wd2.18_s42,medium_GF,0.0016,2.175,42,Grokking,15000.0,5000,1.0,0.005,27000.0,12000.0,G<F
wd2.18_s42,medium_GF,0.0016,2.175,42,Grokking,15000.0,5000,1.0,0.01,27000.0,12000.0,G<F
wd2.18_s42,medium_GF,0.0016,2.175,42,Grokking,15000.0,5000,1.0,0.02,27000.0,12000.0,G<F
wd2.18_s42,medium_GF,0.0016,2.175,42,Grokking,15000.0,5000,0.3,0.005,27000.0,12000.0,G<F
wd2.18_s42,medium_GF,0.0016,2.175,42,Grokking,15000.0,5000,0.3,0.01,27000.0,12000.0,G<F
wd2.18_s42,medium_GF,0.0016,2.175,42,Grokking,15000.0,5000,0.3,0.02,27000.0,12000.0,G<F
wd2.18_s42,medium_GF,0.0016,2.175,42,Grokking,15000.0,5000,0.15,0.005,24000.0,9000.0,G<F
wd2.18_s42,medium_GF,0.0016,2.175,42,Grokking,15000.0,5000,0.15,0.01,24000.0,9000.0,G<F
wd2.18_s42,medium_GF,0.0016,2.175,42,Grokking,15000.0,5000,0.15,0.02,24000.0,9000.0,G<F
wd2.18_s42,medium_GF,0.0016,2.175,42,Grokking,15000.0,5000,0.05,0.005,27000.0,12000.0,G<F
wd2.18_s42,medium_GF,0.0016,2.175,42,Grokking,15000.0,5000,0.05,0.01,27000.0,12000.0,G<F
wd2.18_s42,medium_GF,0.0016,2.175,42,Grokking,15000.0,5000,0.05,0.02,27000.0,12000.0,G<F
wd2.45_s7,weak_GF,0.0016,2.4497,7,Grokking,12000.0,500,1.0,0.005,13500.0,1500.0,G<F
wd2.45_s7,weak_GF,0.0016,2.4497,7,Grokking,12000.0,500,1.0,0.01,13500.0,1500.0,G<F
wd2.45_s7,weak_GF,0.0016,2.4497,7,Grokking,12000.0,500,1.0,0.02,13500.0,1500.0,G<F
wd2.45_s7,weak_GF,0.0016,2.4497,7,Grokking,12000.0,500,0.3,0.005,14500.0,2500.0,G<F
wd2.45_s7,weak_GF,0.0016,2.4497,7,Grokking,12000.0,500,0.3,0.01,14500.0,2500.0,G<F
wd2.45_s7,weak_GF,0.0016,2.4497,7,Grokking,12000.0,500,0.3,0.02,14500.0,2500.0,G<F
wd2.45_s7,weak_GF,0.0016,2.4497,7,Grokking,12000.0,500,0.15,0.005,16000.0,4000.0,G<F
wd2.45_s7,weak_GF,0.0016,2.4497,7,Grokking,12000.0,500,0.15,0.01,16000.0,4000.0,G<F
wd2.45_s7,weak_GF,0.0016,2.4497,7,Grokking,12000.0,500,0.15,0.02,16000.0,4000.0,G<F
wd2.45_s7,weak_GF,0.0016,2.4497,7,Grokking,12000.0,500,0.05,0.005,19500.0,7500.0,G<F
wd2.45_s7,weak_GF,0.0016,2.4497,7,Grokking,12000.0,500,0.05,0.01,19500.0,7500.0,G<F
wd2.45_s7,weak_GF,0.0016,2.4497,7,Grokking,12000.0,500,0.05,0.02,19500.0,7500.0,G<F
wd2.45_s7,weak_GF,0.0016,2.4497,7,Grokking,12000.0,2500,1.0,0.005,13500.0,1500.0,G<F
wd2.45_s7,weak_GF,0.0016,2.4497,7,Grokking,12000.0,2500,1.0,0.01,13500.0,1500.0,G<F
wd2.45_s7,weak_GF,0.0016,2.4497,7,Grokking,12000.0,2500,1.0,0.02,13500.0,1500.0,G<F
wd2.45_s7,weak_GF,0.0016,2.4497,7,Grokking,12000.0,2500,0.3,0.005,14500.0,2500.0,G<F
wd2.45_s7,weak_GF,0.0016,2.4497,7,Grokking,12000.0,2500,0.3,0.01,14500.0,2500.0,G<F
wd2.45_s7,weak_GF,0.0016,2.4497,7,Grokking,12000.0,2500,0.3,0.02,14500.0,2500.0,G<F
wd2.45_s7,weak_GF,0.0016,2.4497,7,Grokking,12000.0,2500,0.15,0.005,16000.0,4000.0,G<F
wd2.45_s7,weak_GF,0.0016,2.4497,7,Grokking,12000.0,2500,0.15,0.01,16000.0,4000.0,G<F
wd2.45_s7,weak_GF,0.0016,2.4497,7,Grokking,12000.0,2500,0.15,0.02,16000.0,4000.0,G<F
wd2.45_s7,weak_GF,0.0016,2.4497,7,Grokking,12000.0,2500,0.05,0.005,19500.0,7500.0,G<F
wd2.45_s7,weak_GF,0.0016,2.4497,7,Grokking,12000.0,2500,0.05,0.01,19500.0,7500.0,G<F
wd2.45_s7,weak_GF,0.0016,2.4497,7,Grokking,12000.0,2500,0.05,0.02,19500.0,7500.0,G<F
wd2.45_s7,weak_GF,0.0016,2.4497,7,Grokking,12000.0,5000,1.0,0.005,13500.0,1500.0,G<F
wd2.45_s7,weak_GF,0.0016,2.4497,7,Grokking,12000.0,5000,1.0,0.01,13500.0,1500.0,G<F
wd2.45_s7,weak_GF,0.0016,2.4497,7,Grokking,12000.0,5000,1.0,0.02,13500.0,1500.0,G<F
wd2.45_s7,weak_GF,0.0016,2.4497,7,Grokking,12000.0,5000,0.3,0.005,14500.0,2500.0,G<F
wd2.45_s7,weak_GF,0.0016,2.4497,7,Grokking,12000.0,5000,0.3,0.01,14500.0,2500.0,G<F
wd2.45_s7,weak_GF,0.0016,2.4497,7,Grokking,12000.0,5000,0.3,0.02,14500.0,2500.0,G<F
wd2.45_s7,weak_GF,0.0016,2.4497,7,Grokking,12000.0,5000,0.15,0.005,16000.0,4000.0,G<F
wd2.45_s7,weak_GF,0.0016,2.4497,7,Grokking,12000.0,5000,0.15,0.01,16000.0,4000.0,G<F
wd2.45_s7,weak_GF,0.0016,2.4497,7,Grokking,12000.0,5000,0.15,0.02,16000.0,4000.0,G<F
wd2.45_s7,weak_GF,0.0016,2.4497,7,Grokking,12000.0,5000,0.05,0.005,19500.0,7500.0,G<F
wd2.45_s7,weak_GF,0.0016,2.4497,7,Grokking,12000.0,5000,0.05,0.01,19500.0,7500.0,G<F
wd2.45_s7,weak_GF,0.0016,2.4497,7,Grokking,12000.0,5000,0.05,0.02,19500.0,7500.0,G<F
wd3.50_s7,weak_GF,0.0016,3.5,7,Grokking,19000.0,500,1.0,0.005,20000.0,1000.0,G<F
wd3.50_s7,weak_GF,0.0016,3.5,7,Grokking,19000.0,500,1.0,0.01,19500.0,500.0,coincident
wd3.50_s7,weak_GF,0.0016,3.5,7,Grokking,19000.0,500,1.0,0.02,19500.0,500.0,coincident
wd3.50_s7,weak_GF,0.0016,3.5,7,Grokking,19000.0,500,0.3,0.005,21000.0,2000.0,G<F
wd3.50_s7,weak_GF,0.0016,3.5,7,Grokking,19000.0,500,0.3,0.01,21000.0,2000.0,G<F
wd3.50_s7,weak_GF,0.0016,3.5,7,Grokking,19000.0,500,0.3,0.02,21000.0,2000.0,G<F
wd3.50_s7,weak_GF,0.0016,3.5,7,Grokking,19000.0,500,0.15,0.005,21500.0,2500.0,G<F
wd3.50_s7,weak_GF,0.0016,3.5,7,Grokking,19000.0,500,0.15,0.01,21500.0,2500.0,G<F
wd3.50_s7,weak_GF,0.0016,3.5,7,Grokking,19000.0,500,0.15,0.02,21500.0,2500.0,G<F
wd3.50_s7,weak_GF,0.0016,3.5,7,Grokking,19000.0,500,0.05,0.005,21500.0,2500.0,G<F
wd3.50_s7,weak_GF,0.0016,3.5,7,Grokking,19000.0,500,0.05,0.01,21500.0,2500.0,G<F
wd3.50_s7,weak_GF,0.0016,3.5,7,Grokking,19000.0,500,0.05,0.02,21500.0,2500.0,G<F
wd3.50_s7,weak_GF,0.0016,3.5,7,Grokking,19000.0,2500,1.0,0.005,20000.0,1000.0,G<F
wd3.50_s7,weak_GF,0.0016,3.5,7,Grokking,19000.0,2500,1.0,0.01,20000.0,1000.0,G<F
wd3.50_s7,weak_GF,0.0016,3.5,7,Grokking,19000.0,2500,1.0,0.02,19500.0,500.0,coincident
wd3.50_s7,weak_GF,0.0016,3.5,7,Grokking,19000.0,2500,0.3,0.005,21000.0,2000.0,G<F
wd3.50_s7,weak_GF,0.0016,3.5,7,Grokking,19000.0,2500,0.3,0.01,21000.0,2000.0,G<F
wd3.50_s7,weak_GF,0.0016,3.5,7,Grokking,19000.0,2500,0.3,0.02,21000.0,2000.0,G<F
wd3.50_s7,weak_GF,0.0016,3.5,7,Grokking,19000.0,2500,0.15,0.005,21500.0,2500.0,G<F
wd3.50_s7,weak_GF,0.0016,3.5,7,Grokking,19000.0,2500,0.15,0.01,21500.0,2500.0,G<F
wd3.50_s7,weak_GF,0.0016,3.5,7,Grokking,19000.0,2500,0.15,0.02,21500.0,2500.0,G<F
wd3.50_s7,weak_GF,0.0016,3.5,7,Grokking,19000.0,2500,0.05,0.005,21500.0,2500.0,G<F
wd3.50_s7,weak_GF,0.0016,3.5,7,Grokking,19000.0,2500,0.05,0.01,21500.0,2500.0,G<F
wd3.50_s7,weak_GF,0.0016,3.5,7,Grokking,19000.0,2500,0.05,0.02,21500.0,2500.0,G<F
wd3.50_s7,weak_GF,0.0016,3.5,7,Grokking,19000.0,5000,1.0,0.005,19500.0,500.0,coincident
wd3.50_s7,weak_GF,0.0016,3.5,7,Grokking,19000.0,5000,1.0,0.01,19500.0,500.0,coincident
wd3.50_s7,weak_GF,0.0016,3.5,7,Grokking,19000.0,5000,1.0,0.02,19500.0,500.0,coincident
wd3.50_s7,weak_GF,0.0016,3.5,7,Grokking,19000.0,5000,0.3,0.005,21000.0,2000.0,G<F
wd3.50_s7,weak_GF,0.0016,3.5,7,Grokking,19000.0,5000,0.3,0.01,21000.0,2000.0,G<F
wd3.50_s7,weak_GF,0.0016,3.5,7,Grokking,19000.0,5000,0.3,0.02,20500.0,1500.0,G<F
wd3.50_s7,weak_GF,0.0016,3.5,7,Grokking,19000.0,5000,0.15,0.005,21500.0,2500.0,G<F
wd3.50_s7,weak_GF,0.0016,3.5,7,Grokking,19000.0,5000,0.15,0.01,21500.0,2500.0,G<F
wd3.50_s7,weak_GF,0.0016,3.5,7,Grokking,19000.0,5000,0.15,0.02,21500.0,2500.0,G<F
wd3.50_s7,weak_GF,0.0016,3.5,7,Grokking,19000.0,5000,0.05,0.005,21500.0,2500.0,G<F
wd3.50_s7,weak_GF,0.0016,3.5,7,Grokking,19000.0,5000,0.05,0.01,21500.0,2500.0,G<F
wd3.50_s7,weak_GF,0.0016,3.5,7,Grokking,19000.0,5000,0.05,0.02,21500.0,2500.0,G<F
wd3.11_s2025,coincident,0.0016,3.1075,2025,Grokking,11000.0,500,1.0,0.005,12500.0,1500.0,G<F
wd3.11_s2025,coincident,0.0016,3.1075,2025,Grokking,11000.0,500,1.0,0.01,12500.0,1500.0,G<F
wd3.11_s2025,coincident,0.0016,3.1075,2025,Grokking,11000.0,500,1.0,0.02,12500.0,1500.0,G<F
wd3.11_s2025,coincident,0.0016,3.1075,2025,Grokking,11000.0,500,0.3,0.005,13000.0,2000.0,G<F
wd3.11_s2025,coincident,0.0016,3.1075,2025,Grokking,11000.0,500,0.3,0.01,13000.0,2000.0,G<F
wd3.11_s2025,coincident,0.0016,3.1075,2025,Grokking,11000.0,500,0.3,0.02,13000.0,2000.0,G<F
wd3.11_s2025,coincident,0.0016,3.1075,2025,Grokking,11000.0,500,0.15,0.005,11500.0,500.0,coincident
wd3.11_s2025,coincident,0.0016,3.1075,2025,Grokking,11000.0,500,0.15,0.01,11500.0,500.0,coincident
wd3.11_s2025,coincident,0.0016,3.1075,2025,Grokking,11000.0,500,0.15,0.02,11500.0,500.0,coincident
wd3.11_s2025,coincident,0.0016,3.1075,2025,Grokking,11000.0,500,0.05,0.005,15000.0,4000.0,G<F
wd3.11_s2025,coincident,0.0016,3.1075,2025,Grokking,11000.0,500,0.05,0.01,15000.0,4000.0,G<F
wd3.11_s2025,coincident,0.0016,3.1075,2025,Grokking,11000.0,500,0.05,0.02,15000.0,4000.0,G<F
wd3.11_s2025,coincident,0.0016,3.1075,2025,Grokking,11000.0,2500,1.0,0.005,12500.0,1500.0,G<F
wd3.11_s2025,coincident,0.0016,3.1075,2025,Grokking,11000.0,2500,1.0,0.01,12500.0,1500.0,G<F
wd3.11_s2025,coincident,0.0016,3.1075,2025,Grokking,11000.0,2500,1.0,0.02,12500.0,1500.0,G<F
wd3.11_s2025,coincident,0.0016,3.1075,2025,Grokking,11000.0,2500,0.3,0.005,13000.0,2000.0,G<F
wd3.11_s2025,coincident,0.0016,3.1075,2025,Grokking,11000.0,2500,0.3,0.01,13000.0,2000.0,G<F
wd3.11_s2025,coincident,0.0016,3.1075,2025,Grokking,11000.0,2500,0.3,0.02,13000.0,2000.0,G<F
wd3.11_s2025,coincident,0.0016,3.1075,2025,Grokking,11000.0,2500,0.15,0.005,11500.0,500.0,coincident
wd3.11_s2025,coincident,0.0016,3.1075,2025,Grokking,11000.0,2500,0.15,0.01,11500.0,500.0,coincident
wd3.11_s2025,coincident,0.0016,3.1075,2025,Grokking,11000.0,2500,0.15,0.02,11500.0,500.0,coincident
wd3.11_s2025,coincident,0.0016,3.1075,2025,Grokking,11000.0,2500,0.05,0.005,15000.0,4000.0,G<F
wd3.11_s2025,coincident,0.0016,3.1075,2025,Grokking,11000.0,2500,0.05,0.01,15000.0,4000.0,G<F
wd3.11_s2025,coincident,0.0016,3.1075,2025,Grokking,11000.0,2500,0.05,0.02,15000.0,4000.0,G<F
wd3.11_s2025,coincident,0.0016,3.1075,2025,Grokking,11000.0,5000,1.0,0.005,12500.0,1500.0,G<F
wd3.11_s2025,coincident,0.0016,3.1075,2025,Grokking,11000.0,5000,1.0,0.01,12500.0,1500.0,G<F
wd3.11_s2025,coincident,0.0016,3.1075,2025,Grokking,11000.0,5000,1.0,0.02,12500.0,1500.0,G<F
wd3.11_s2025,coincident,0.0016,3.1075,2025,Grokking,11000.0,5000,0.3,0.005,13000.0,2000.0,G<F
wd3.11_s2025,coincident,0.0016,3.1075,2025,Grokking,11000.0,5000,0.3,0.01,13000.0,2000.0,G<F
wd3.11_s2025,coincident,0.0016,3.1075,2025,Grokking,11000.0,5000,0.3,0.02,13000.0,2000.0,G<F
wd3.11_s2025,coincident,0.0016,3.1075,2025,Grokking,11000.0,5000,0.15,0.005,11000.0,0.0,coincident
wd3.11_s2025,coincident,0.0016,3.1075,2025,Grokking,11000.0,5000,0.15,0.01,11000.0,0.0,coincident
wd3.11_s2025,coincident,0.0016,3.1075,2025,Grokking,11000.0,5000,0.15,0.02,11000.0,0.0,coincident
wd3.11_s2025,coincident,0.0016,3.1075,2025,Grokking,11000.0,5000,0.05,0.005,15000.0,4000.0,G<F
wd3.11_s2025,coincident,0.0016,3.1075,2025,Grokking,11000.0,5000,0.05,0.01,15000.0,4000.0,G<F
wd3.11_s2025,coincident,0.0016,3.1075,2025,Grokking,11000.0,5000,0.05,0.02,15000.0,4000.0,G<F
lr6.8e4_s7,FG,0.0006804,2.5,7,Grokking,43500.0,500,1.0,0.005,42000.0,-1500.0,F<G
lr6.8e4_s7,FG,0.0006804,2.5,7,Grokking,43500.0,500,1.0,0.01,42000.0,-1500.0,F<G
lr6.8e4_s7,FG,0.0006804,2.5,7,Grokking,43500.0,500,1.0,0.02,42000.0,-1500.0,F<G
lr6.8e4_s7,FG,0.0006804,2.5,7,Grokking,43500.0,500,0.3,0.005,42000.0,-1500.0,F<G
lr6.8e4_s7,FG,0.0006804,2.5,7,Grokking,43500.0,500,0.3,0.01,42000.0,-1500.0,F<G
lr6.8e4_s7,FG,0.0006804,2.5,7,Grokking,43500.0,500,0.3,0.02,42000.0,-1500.0,F<G
lr6.8e4_s7,FG,0.0006804,2.5,7,Grokking,43500.0,500,0.15,0.005,42000.0,-1500.0,F<G
lr6.8e4_s7,FG,0.0006804,2.5,7,Grokking,43500.0,500,0.15,0.01,42000.0,-1500.0,F<G
lr6.8e4_s7,FG,0.0006804,2.5,7,Grokking,43500.0,500,0.15,0.02,42000.0,-1500.0,F<G
lr6.8e4_s7,FG,0.0006804,2.5,7,Grokking,43500.0,500,0.05,0.005,42000.0,-1500.0,F<G
lr6.8e4_s7,FG,0.0006804,2.5,7,Grokking,43500.0,500,0.05,0.01,42000.0,-1500.0,F<G
lr6.8e4_s7,FG,0.0006804,2.5,7,Grokking,43500.0,500,0.05,0.02,42000.0,-1500.0,F<G
lr6.8e4_s7,FG,0.0006804,2.5,7,Grokking,43500.0,2500,1.0,0.005,42000.0,-1500.0,F<G
lr6.8e4_s7,FG,0.0006804,2.5,7,Grokking,43500.0,2500,1.0,0.01,42000.0,-1500.0,F<G
lr6.8e4_s7,FG,0.0006804,2.5,7,Grokking,43500.0,2500,1.0,0.02,42000.0,-1500.0,F<G
lr6.8e4_s7,FG,0.0006804,2.5,7,Grokking,43500.0,2500,0.3,0.005,42000.0,-1500.0,F<G
lr6.8e4_s7,FG,0.0006804,2.5,7,Grokking,43500.0,2500,0.3,0.01,42000.0,-1500.0,F<G
lr6.8e4_s7,FG,0.0006804,2.5,7,Grokking,43500.0,2500,0.3,0.02,42000.0,-1500.0,F<G
lr6.8e4_s7,FG,0.0006804,2.5,7,Grokking,43500.0,2500,0.15,0.005,42000.0,-1500.0,F<G
lr6.8e4_s7,FG,0.0006804,2.5,7,Grokking,43500.0,2500,0.15,0.01,42000.0,-1500.0,F<G
lr6.8e4_s7,FG,0.0006804,2.5,7,Grokking,43500.0,2500,0.15,0.02,42000.0,-1500.0,F<G
lr6.8e4_s7,FG,0.0006804,2.5,7,Grokking,43500.0,2500,0.05,0.005,42000.0,-1500.0,F<G
lr6.8e4_s7,FG,0.0006804,2.5,7,Grokking,43500.0,2500,0.05,0.01,42000.0,-1500.0,F<G
lr6.8e4_s7,FG,0.0006804,2.5,7,Grokking,43500.0,2500,0.05,0.02,42000.0,-1500.0,F<G
lr6.8e4_s7,FG,0.0006804,2.5,7,Grokking,43500.0,5000,1.0,0.005,42000.0,-1500.0,F<G
lr6.8e4_s7,FG,0.0006804,2.5,7,Grokking,43500.0,5000,1.0,0.01,42000.0,-1500.0,F<G
lr6.8e4_s7,FG,0.0006804,2.5,7,Grokking,43500.0,5000,1.0,0.02,42000.0,-1500.0,F<G
lr6.8e4_s7,FG,0.0006804,2.5,7,Grokking,43500.0,5000,0.3,0.005,42000.0,-1500.0,F<G
lr6.8e4_s7,FG,0.0006804,2.5,7,Grokking,43500.0,5000,0.3,0.01,42000.0,-1500.0,F<G
lr6.8e4_s7,FG,0.0006804,2.5,7,Grokking,43500.0,5000,0.3,0.02,42000.0,-1500.0,F<G
lr6.8e4_s7,FG,0.0006804,2.5,7,Grokking,43500.0,5000,0.15,0.005,42000.0,-1500.0,F<G
lr6.8e4_s7,FG,0.0006804,2.5,7,Grokking,43500.0,5000,0.15,0.01,42000.0,-1500.0,F<G
lr6.8e4_s7,FG,0.0006804,2.5,7,Grokking,43500.0,5000,0.15,0.02,42000.0,-1500.0,F<G
lr6.8e4_s7,FG,0.0006804,2.5,7,Grokking,43500.0,5000,0.05,0.005,42000.0,-1500.0,F<G
lr6.8e4_s7,FG,0.0006804,2.5,7,Grokking,43500.0,5000,0.05,0.01,42000.0,-1500.0,F<G
lr6.8e4_s7,FG,0.0006804,2.5,7,Grokking,43500.0,5000,0.05,0.02,42000.0,-1500.0,F<G
