label,task,prime,lr,wd,seed,ordering,tau_circ,tau_gen,tau_F,regime,step,saved_test_acc,K,base_acc,acc_I1_keep_fourier,acc_I2_remove_fourier,acc_I3_random_ctrl_mean,acc_I3_random_ctrl_std,frac_logit_energy_in_topK_fourier,top_k_harmonics,acc_I4_remove_emb_fourier,i2_drop,i3_random_drop_mean,i4_drop,specificity_ratio_i2_over_i3,source
canonical_GF,add,53,0.0016,1.7145,7,C<G<F,9500.0,11000.0,26000.0,pre_all,5000,0.008134214207530022,1,0.00813421453990849,0.0340620233858668,0.006100660904931368,0.011591255719369597,0.0014874162519906248,0.08696658303693937,12,0.011692933401118455,0.0020335536349771225,-0.0034570411794611067,-0.003558718861209965,-0.5882352941176473,original
canonical_GF,add,53,0.0016,1.7145,7,C<G<F,9500.0,11000.0,26000.0,pre_all,5000,0.008134214207530022,3,0.00813421453990849,0.0498220640569395,0.004575495678698526,0.011794611082867312,0.0022598994174776684,0.2062878248119015,"12,5,14",0.012201321809862735,0.0035587188612099642,-0.003660396542958822,-0.004067107269954245,-0.9722222222222219,original
canonical_GF,add,53,0.0016,1.7145,7,C<G<F,9500.0,11000.0,26000.0,pre_all,5000,0.008134214207530022,5,0.00813421453990849,0.05388917132689375,0.003050330452465684,0.01626842907981698,0.001325714774825145,0.30967482324918316,"12,5,14,6,11",0.010167768174885612,0.005083884087442807,-0.00813421453990849,-0.0020335536349771217,-0.625,original
canonical_GF,add,53,0.0016,1.7145,7,C<G<F,9500.0,11000.0,26000.0,pre_all,5000,0.008134214207530022,10,0.00813421453990849,0.044229791560752414,0.003050330452465684,0.02653787493645145,0.0028650742864474573,0.5283639718344422,"12,5,14,6,11,10,7,1,24,9",0.020335536349771224,0.005083884087442807,-0.01840366039654296,-0.012201321809862734,-0.27624309392265195,original
canonical_GF,add,53,0.0016,1.7145,7,C<G<F,9500.0,11000.0,26000.0,between_circ_gen,10000,0.11896288394927979,1,0.11896288764616167,0.08032536858159633,0.060498220640569395,0.12018301982714794,0.0030940770828069013,0.12009475561146404,12,0.01728520589730554,0.058464667005592275,-0.0012201321809862664,0.10167768174885614,-47.91666666666695,original
canonical_GF,add,53,0.0016,1.7145,7,C<G<F,9500.0,11000.0,26000.0,between_circ_gen,10000,0.11896288394927979,3,0.11896288764616167,0.5088967971530249,0.018301982714794104,0.13431621759023896,0.007845670248646843,0.3051065096094281,"12,5,1",0.02440264361972547,0.10066090493136756,-0.015353329944077287,0.0945602440264362,-6.556291390728472,original
canonical_GF,add,53,0.0016,1.7145,7,C<G<F,9500.0,11000.0,26000.0,between_circ_gen,10000,0.11896288394927979,5,0.11896288764616167,0.5114387391967463,0.007625826131164209,0.1556685307574987,0.004072187980579725,0.42783141886322523,"12,5,1,9,24",0.02338586680223691,0.11133706151499746,-0.03670564311133703,0.09557702084392476,-3.0332409972299192,original
canonical_GF,add,53,0.0016,1.7145,7,C<G<F,9500.0,11000.0,26000.0,between_circ_gen,10000,0.11896288394927979,10,0.11896288764616167,0.3355363497712252,0.0071174377224199285,0.2206405693950178,0.004886879447157262,0.6362317595141133,"12,5,1,9,24,10,14,6,25,22",0.021352313167259787,0.11184544992374174,-0.10167768174885614,0.09761057447890188,-1.0999999999999999,original
canonical_GF,add,53,0.0016,1.7145,7,C<G<F,9500.0,11000.0,26000.0,between_gen_F,18500,0.9913573861122131,1,0.9913573970513472,0.14336553126588714,0.9023894255210981,0.9887137773258768,0.0010856205645176946,0.2605511885916643,1,0.19572953736654805,0.08896797153024905,0.0026436197254703364,0.7956278596847991,33.653846153845144,original
canonical_GF,add,53,0.0016,1.7145,7,C<G<F,9500.0,11000.0,26000.0,between_gen_F,18500,0.9913573861122131,3,0.9913573970513472,0.9928825622775801,0.2730045754956787,0.9874936451448907,0.0015947521241848638,0.6667237671476595,"1,9,12",0.08286731062531774,0.7183528215556685,0.003863751906456492,0.9084900864260295,185.92105263158092,original
canonical_GF,add,53,0.0016,1.7145,7,C<G<F,9500.0,11000.0,26000.0,between_gen_F,18500,0.9913573861122131,5,0.9913573970513472,0.9969496695475343,0.02491103202846975,0.9938993390950686,0.0008506965190992363,0.9043896119182423,"1,9,12,5,24",0.029994916115912557,0.9664463650228774,-0.002541942043721379,0.9613624809354346,-380.20000000000357,original
canonical_GF,add,53,0.0016,1.7145,7,C<G<F,9500.0,11000.0,26000.0,between_gen_F,18500,0.9913573861122131,10,0.9913573970513472,0.9959328927300457,0.004067107269954245,0.995017793594306,0.0006744534398282176,0.9788741850312688,"1,9,12,5,24,22,14,26,16,18",0.019827147941026944,0.9872902897813929,-0.0036603965429587992,0.9715302491103203,-269.72222222222376,original
canonical_GF,add,53,0.0016,1.7145,7,C<G<F,9500.0,11000.0,26000.0,post_all,30000,1.0,1,1.0,0.1840366039654296,1.0,1.0,0.0,0.2903782116296667,1,0.14133197763091002,0.0,0.0,0.85866802236909,inf,original
canonical_GF,add,53,0.0016,1.7145,7,C<G<F,9500.0,11000.0,26000.0,post_all,30000,1.0,3,1.0,1.0,0.9079816980172852,1.0,0.0,0.6345569154534457,"1,9,12",0.10421962379257753,0.09201830198271477,0.0,0.8957803762074225,inf,original
canonical_GF,add,53,0.0016,1.7145,7,C<G<F,9500.0,11000.0,26000.0,post_all,30000,1.0,5,1.0,1.0,0.14794102694458566,1.0,0.0,0.8516504059919245,"1,9,12,24,5",0.06914082358922216,0.8520589730554143,0.0,0.9308591764107779,inf,original
canonical_GF,add,53,0.0016,1.7145,7,C<G<F,9500.0,11000.0,26000.0,post_all,30000,1.0,10,1.0,1.0,0.0071174377224199285,1.0,0.0,0.9927634577468306,"1,9,12,24,5,14,22,10,11,7",0.020843924758515507,0.9928825622775801,0.0,0.9791560752414845,inf,original
coincident,add,53,0.0016,3.1075,2025,C<G<F,8000.0,9500.0,19500.0,pre_all,4000,0.0289781391620636,1,0.028978139298423997,0.06964921199796645,0.011184544992374174,0.030096593797661414,0.0014522477739792267,0.14869463396718274,15,0.01677681748856126,0.017793594306049824,-0.0011184544992374167,0.012201321809862737,-15.90909090909092,original
coincident,add,53,0.0016,3.1075,2025,C<G<F,8000.0,9500.0,19500.0,pre_all,4000,0.0289781391620636,3,0.028978139298423997,0.23995932892730046,0.0020335536349771225,0.03416370106761566,0.0012201321809862742,0.337613430100218,"15,22,4",0.009659379766141332,0.026944585663446874,-0.0051855617691916635,0.019318759532282667,-5.196078431372548,original
coincident,add,53,0.0016,3.1075,2025,C<G<F,8000.0,9500.0,19500.0,pre_all,4000,0.0289781391620636,5,0.028978139298423997,0.23182511438739198,0.0020335536349771225,0.042196237925775294,0.0005569115988867976,0.44550005213241556,"15,22,4,5,14",0.011184544992374174,0.026944585663446874,-0.013218098627351297,0.017793594306049824,-2.0384615384615383,original
coincident,add,53,0.0016,3.1075,2025,C<G<F,8000.0,9500.0,19500.0,pre_all,4000,0.0289781391620636,10,0.028978139298423997,0.1077783426537875,0.003050330452465684,0.06588713777325876,0.0017786330131709103,0.6263320121262135,"15,22,4,5,14,8,2,3,13,25",0.018810371123538384,0.025927808845958314,-0.03690899847483477,0.010167768174885614,-0.7024793388429754,original
coincident,add,53,0.0016,3.1075,2025,C<G<F,8000.0,9500.0,19500.0,between_circ_gen,9000,0.6232841610908508,1,0.6232841891204881,0.14539908490086426,0.3340111845449924,0.6046771733604472,0.013142012449964324,0.20639778948379192,15,0.07066598881545501,0.2892730045754957,0.018607015760040868,0.5526182003050331,15.54644808743153,original
coincident,add,53,0.0016,3.1075,2025,C<G<F,8000.0,9500.0,19500.0,between_circ_gen,9000,0.6232841610908508,3,0.6232841891204881,0.9150991357397051,0.041179461108286734,0.641687849517031,0.007839078908956347,0.5844828096510767,"15,4,22",0.03507880020335536,0.5821047280122014,-0.018403660396542842,0.5882053889171327,-31.629834254143848,original
coincident,add,53,0.0016,3.1075,2025,C<G<F,8000.0,9500.0,19500.0,between_circ_gen,9000,0.6232841610908508,5,0.6232841891204881,0.9186578546009151,0.005083884087442806,0.6917132689374681,0.002992158407638449,0.8004308000227672,"15,4,22,5,25",0.02389425521098119,0.6182003050330453,-0.06842907981697999,0.5993899339095069,-9.03417533432395,original
coincident,add,53,0.0016,3.1075,2025,C<G<F,8000.0,9500.0,19500.0,between_circ_gen,9000,0.6232841610908508,10,0.6232841891204881,0.784443314692425,0.006100660904931368,0.723640061006609,0.005386038693705735,0.914852632653819,"15,4,22,5,25,3,2,14,13,24",0.019827147941026944,0.6171835282155568,-0.10035587188612094,0.6034570411794612,-6.149949341438708,original
coincident,add,53,0.0016,3.1075,2025,C<G<F,8000.0,9500.0,19500.0,between_gen_F,14500,0.9938993453979492,1,0.9938993390950687,0.17488561260803254,0.9791560752414845,0.9932892730045755,0.0009858016995254683,0.2195940384364935,15,0.22013218098627352,0.014743263853584154,0.0006100660904931887,0.7737671581087952,24.166666666664636,original
coincident,add,53,0.0016,3.1075,2025,C<G<F,8000.0,9500.0,19500.0,between_gen_F,14500,0.9938993453979492,3,0.9938993390950687,0.9781392984239959,0.8286731062531775,0.9930859176410778,0.0013866986982192066,0.5920493802491991,"15,4,22",0.12963904422979156,0.1652262328418912,0.0008134214539908813,0.8642602948652771,203.12499999999193,original
coincident,add,53,0.0016,3.1075,2025,C<G<F,8000.0,9500.0,19500.0,between_gen_F,14500,0.9938993453979492,5,0.9938993390950687,0.9888154550076258,0.0788002033553635,0.9919674631418403,0.0015553694500028848,0.8928793894169464,"15,4,22,25,5",0.03558718861209965,0.9150991357397051,0.0019318759532284124,0.958312150482969,473.68421052627997,original
coincident,add,53,0.0016,3.1075,2025,C<G<F,8000.0,9500.0,19500.0,between_gen_F,14500,0.9938993453979492,10,0.9938993390950687,0.9959328927300457,0.004575495678698526,0.995017793594306,0.0003804430489856563,0.9927080194392026,"15,4,22,25,5,2,14,12,24,8",0.020335536349771224,0.9893238434163701,-0.001118454499237309,0.9735638027452974,-884.5454545455402,original
coincident,add,53,0.0016,3.1075,2025,C<G<F,8000.0,9500.0,19500.0,post_all,22500,1.0,1,1.0,0.20589730554143365,1.0,1.0,0.0,0.19021617293129975,22,0.03355363497712252,0.0,0.0,0.9664463650228775,inf,original
coincident,add,53,0.0016,3.1075,2025,C<G<F,8000.0,9500.0,19500.0,post_all,22500,1.0,3,1.0,1.0,0.9984748347737672,1.0,0.0,0.5391191621576497,"22,15,4",0.03457041179461108,0.0015251652262328053,0.0,0.9654295882053889,inf,original
coincident,add,53,0.0016,3.1075,2025,C<G<F,8000.0,9500.0,19500.0,post_all,22500,1.0,5,1.0,1.0,0.597864768683274,1.0,0.0,0.8094759658822038,"22,15,4,25,5",0.022369089984748347,0.402135231316726,0.0,0.9776309100152516,inf,original
coincident,add,53,0.0016,3.1075,2025,C<G<F,8000.0,9500.0,19500.0,post_all,22500,1.0,10,1.0,1.0,0.003050330452465684,1.0,0.0,0.9965140892007772,"22,15,4,25,5,2,14,23,3,6",0.018810371123538384,0.9969496695475343,0.0,0.9811896288764617,inf,original
FG_slow,add,53,0.0005,2.5,42,C<F<G,31500.0,44500.0,42000.0,pre_all,16000,0.026436196640133858,1,0.026436197254702594,0.01728520589730554,0.030503304524656837,0.026842907981698017,0.0013792231790798722,0.06006359192664498,6,0.014743263853584139,-0.004067107269954243,-0.0004067107269954233,0.011692933401118455,10.000000000000025,original
FG_slow,add,53,0.0005,2.5,42,C<F<G,31500.0,44500.0,42000.0,pre_all,16000,0.026436196640133858,3,0.026436197254702594,0.028469750889679714,0.020843924758515507,0.025317742755465177,0.002018244356001954,0.1555577778979474,"6,7,23",0.01677681748856126,0.005592272496187087,0.0011184544992374167,0.009659379766141334,5.000000000000003,original
FG_slow,add,53,0.0005,2.5,42,C<F<G,31500.0,44500.0,42000.0,pre_all,16000,0.026436196640133858,5,0.026436197254702594,0.03355363497712252,0.0157600406710727,0.02562277580071174,0.0021949194860114794,0.24591850616491878,"6,7,23,12,4",0.01677681748856126,0.010676156583629894,0.0008134214539908535,0.009659379766141334,13.124999999999927,original
FG_slow,add,53,0.0005,2.5,42,C<F<G,31500.0,44500.0,42000.0,pre_all,16000,0.026436196640133858,10,0.026436197254702594,0.03965429588205389,0.01728520589730554,0.029588205388917134,0.0036716766823117015,0.46353807268925673,"6,7,23,12,4,25,15,5,16,8",0.018301982714794104,0.009150991357397054,-0.00315200813421454,0.00813421453990849,-2.9032258064516134,original
FG_slow,add,53,0.0005,2.5,42,C<F<G,31500.0,44500.0,42000.0,between_circ_F,37000,0.10574478656053543,1,0.10574478901881038,0.07320793085917641,0.07066598881545501,0.10635485510930351,0.0018858400600906403,0.07745969560204559,5,0.01728520589730554,0.03507880020335537,-0.0006100660904931332,0.08845958312150484,-57.50000000000034,original
FG_slow,add,53,0.0005,2.5,42,C<F<G,31500.0,44500.0,42000.0,between_circ_F,37000,0.10574478656053543,3,0.10574478901881038,0.04931367564819522,0.08235892221657347,0.10818505338078292,0.006053025344641472,0.218572398815134,"5,6,15",0.01728520589730554,0.023385866802236907,-0.0024402643619725467,0.08845958312150484,-9.583333333333334,original
FG_slow,add,53,0.0005,2.5,42,C<F<G,31500.0,44500.0,42000.0,between_circ_F,37000,0.10574478656053543,5,0.10574478901881038,0.08845958312150483,0.05083884087442806,0.10157600406710728,0.006995838296601755,0.3380073917344375,"5,6,15,25,4",0.015251652262328419,0.054905948144382315,0.0041687849517031,0.09049313675648196,13.170731707317078,original
FG_slow,add,53,0.0005,2.5,42,C<F<G,31500.0,44500.0,42000.0,between_circ_F,37000,0.10574478656053543,10,0.10574478901881038,0.24758515505846468,0.004575495678698526,0.1786476868327402,0.00856510002588823,0.598117215731154,"5,6,15,25,4,23,7,21,12,14",0.014743263853584139,0.10116929334011185,-0.07290289781392983,0.09100152516522624,-1.3877266387726641,original
FG_slow,add,53,0.0005,2.5,42,C<F<G,31500.0,44500.0,42000.0,between_F_gen,43000,0.22318251430988312,1,0.22318251143873918,0.07727503812913065,0.15149974580579562,0.21921708185053382,0.0024988725424391466,0.08207134433738254,5,0.0157600406710727,0.07168276563294357,0.003965429588205366,0.20742247076766648,18.076923076923183,original
FG_slow,add,53,0.0005,2.5,42,C<F<G,31500.0,44500.0,42000.0,between_F_gen,43000,0.22318251430988312,3,0.22318251143873918,0.17946110828673106,0.1128622267412303,0.21311642094560246,0.006884112203278402,0.22764455861901087,"5,6,12",0.01626842907981698,0.11032028469750889,0.010066090493136726,0.2069140823589222,10.959595959595992,original
FG_slow,add,53,0.0005,2.5,42,C<F<G,31500.0,44500.0,42000.0,between_F_gen,43000,0.22318251430988312,5,0.22318251143873918,0.41637010676156583,0.046263345195729534,0.23518047788510418,0.004587906120052258,0.3549664175106375,"5,6,12,23,21",0.017793594306049824,0.17691916624300966,-0.011997966446365,0.20538891713268936,-14.745762711864435,original
FG_slow,add,53,0.0005,2.5,42,C<F<G,31500.0,44500.0,42000.0,between_F_gen,43000,0.22318251430988312,10,0.22318251143873918,0.36400610066090494,0.014743263853584139,0.29781392984239957,0.012978947978827031,0.6470781853726056,"5,6,12,23,21,25,4,15,3,14",0.01677681748856126,0.20843924758515506,-0.07463141840366039,0.20640569395017794,-2.7929155313351504,original
FG_slow,add,53,0.0005,2.5,42,C<F<G,31500.0,44500.0,42000.0,post_all,48000,0.5119471549987793,1,0.5119471276054905,0.09608540925266904,0.3797661413319776,0.5019827147941027,0.007413411747252949,0.10137837441377932,12,0.018301982714794104,0.13218098627351293,0.009964412811387824,0.49364514489069644,13.26530612244908,original
FG_slow,add,53,0.0005,2.5,42,C<F<G,31500.0,44500.0,42000.0,post_all,48000,0.5119471549987793,3,0.5119471276054905,0.7661413319776309,0.12302999491611591,0.5013726487036095,0.007356013115479786,0.28173404787038303,"12,5,23",0.018301982714794104,0.38891713268937467,0.010574478901881013,0.49364514489069644,36.77884615384624,original
FG_slow,add,53,0.0005,2.5,42,C<F<G,31500.0,44500.0,42000.0,post_all,48000,0.5119471549987793,5,0.5119471276054905,0.6741230299949161,0.0971021860701576,0.5029994916115913,0.02410125696650811,0.4384147373161717,"12,5,23,21,6",0.019318759532282664,0.41484494153533297,0.00894763599389925,0.49262836807320787,46.36363636363682,original
FG_slow,add,53,0.0005,2.5,42,C<F<G,31500.0,44500.0,42000.0,post_all,48000,0.5119471549987793,10,0.5119471276054905,0.6842907981698018,0.019318759532282664,0.6037620742247076,0.008925655860642517,0.738307202219882,"12,5,23,21,6,25,3,14,15,22",0.018301982714794104,0.49262836807320787,-0.09181494661921707,0.49364514489069644,-5.365448504983388,original
G_CF_boundary,add,53,0.002333,2.5,7,G<C<F,8000.0,6500.0,12000.0,pre_all,3000,0.04067107290029526,1,0.04067107269954245,0.06507371631926792,0.01728520589730554,0.04036603965429588,0.0012285761030599472,0.14821111330959705,12,0.019827147941026944,0.023385866802236907,0.0003050330452465666,0.020843924758515504,76.66666666666711,original
G_CF_boundary,add,53,0.002333,2.5,7,G<C<F,8000.0,6500.0,12000.0,pre_all,3000,0.04067107290029526,3,0.04067107269954245,0.27656329435688864,0.006100660904931368,0.04636502287747839,0.0036291953833400606,0.3565216301363818,"12,10,6",0.012201321809862735,0.03457041179461108,-0.00569395017793594,0.028469750889679714,-6.071428571428575,original
G_CF_boundary,add,53,0.002333,2.5,7,G<C<F,8000.0,6500.0,12000.0,pre_all,3000,0.04067107290029526,5,0.04067107269954245,0.20843924758515506,0.003050330452465684,0.05287239450940519,0.003637731330960513,0.4469906883934686,"12,10,6,24,14",0.0157600406710727,0.03762074224707676,-0.01220132180986274,0.024911032028469747,-3.0833333333333317,original
G_CF_boundary,add,53,0.002333,2.5,7,G<C<F,8000.0,6500.0,12000.0,pre_all,3000,0.04067107290029526,10,0.04067107269954245,0.13472292831723437,0.0035587188612099642,0.08113879003558719,0.004935296837625462,0.6408453322070992,"12,10,6,24,14,5,9,7,1,16",0.020335536349771224,0.03711235383833248,-0.04046771733604474,0.020335536349771224,-0.9170854271356782,original
G_CF_boundary,add,53,0.002333,2.5,7,G<C<F,8000.0,6500.0,12000.0,between_gen_circ,7000,0.7976614236831665,1,0.7976614133197764,0.15149974580579562,0.4677173360447382,0.7776309100152516,0.01090656069587218,0.26001952388227756,10,0.17539400101677682,0.32994407727503816,0.020030503304524716,0.6222674123029995,16.472081218274063,original
G_CF_boundary,add,53,0.002333,2.5,7,G<C<F,8000.0,6500.0,12000.0,between_gen_circ,7000,0.7976614236831665,3,0.7976614133197764,0.9359430604982206,0.11184544992374174,0.7663446873411286,0.007693984509361517,0.5720788856989575,"10,6,12",0.0630401626842908,0.6858159633960346,0.031316725978647764,0.7346212506354856,21.899350649350595,original
G_CF_boundary,add,53,0.002333,2.5,7,G<C<F,8000.0,6500.0,12000.0,between_gen_circ,7000,0.7976614236831665,5,0.7976614133197764,0.9938993390950687,0.0066090493136756485,0.8420945602440264,0.012722312003755612,0.774678011547221,"10,6,12,5,24",0.02592780884595831,0.7910523640061007,-0.044433146924250044,0.771733604473818,-17.803203661327263,original
G_CF_boundary,add,53,0.002333,2.5,7,G<C<F,8000.0,6500.0,12000.0,between_gen_circ,7000,0.7976614236831665,10,0.7976614133197764,0.9150991357397051,0.0035587188612099642,0.8748347737671581,0.0021424816985974233,0.9201619317246013,"10,6,12,5,24,3,14,13,9,21",0.021860701576004067,0.7941026944585664,-0.07717336044738177,0.7758007117437723,-10.289855072463773,original
G_CF_boundary,add,53,0.002333,2.5,7,G<C<F,8000.0,6500.0,12000.0,between_circ_F,10000,0.9984748363494873,1,0.9984748347737672,0.09608540925266904,0.938485002541942,0.9927808845958312,0.002436024107922896,0.2043205900060518,6,0.7513980681240467,0.05998983223182519,0.005693950177935947,0.24707676664972045,10.535714285714292,original
G_CF_boundary,add,53,0.002333,2.5,7,G<C<F,8000.0,6500.0,12000.0,between_circ_F,10000,0.9984748363494873,3,0.9984748347737672,0.7559735638027453,0.5922724961870869,0.987290289781393,0.004155122875791063,0.5387906269132807,"6,3,10",0.3670564311133706,0.4062023385866803,0.011184544992374201,0.6314184036603966,36.318181818181735,original
G_CF_boundary,add,53,0.002333,2.5,7,G<C<F,8000.0,6500.0,12000.0,between_circ_F,10000,0.9984748363494873,5,0.9984748347737672,0.9928825622775801,0.186578546009151,0.9928825622775801,0.0014379395651988864,0.7774680951654419,"6,3,10,5,12",0.1367564819522115,0.8118962887646162,0.005592272496187101,0.8617183528215557,145.18181818181782,original
G_CF_boundary,add,53,0.002333,2.5,7,G<C<F,8000.0,6500.0,12000.0,between_circ_F,10000,0.9984748363494873,10,0.9984748347737672,0.9994916115912558,0.013726487036095577,0.9989832231825113,1.1102230246251565e-16,0.9860882998842725,"6,3,10,5,12,24,14,25,26,11",0.02440264361972547,0.9847483477376716,-0.0005083884087441204,0.9740721911540418,-1937.0000000006105,original
G_CF_boundary,add,53,0.002333,2.5,7,G<C<F,8000.0,6500.0,12000.0,post_all,13500,1.0,1,1.0,0.17437722419928825,0.9974580579562786,0.9998983223182512,0.00020335536349769257,0.21368771703113054,6,0.7656329435688867,0.002541942043721379,0.00010167768174884628,0.23436705643111333,25.000000000002185,original
G_CF_boundary,add,53,0.002333,2.5,7,G<C<F,8000.0,6500.0,12000.0,post_all,13500,1.0,3,1.0,0.9679715302491103,0.9405185561769192,0.9997966446365023,0.00024905843851377133,0.5454883858008894,"6,10,14",0.3462125063548551,0.05948144382308085,0.00020335536349769257,0.6537874936451449,292.50000000002836,original
G_CF_boundary,add,53,0.002333,2.5,7,G<C<F,8000.0,6500.0,12000.0,post_all,13500,1.0,5,1.0,1.0,0.17488561260803254,0.9997966446365023,0.00040671072699542953,0.7802624058240863,"6,10,14,3,12",0.0971021860701576,0.8251143873919675,0.00020335536349769257,0.9028978139298424,4057.500000000393,original
G_CF_boundary,add,53,0.002333,2.5,7,G<C<F,8000.0,6500.0,12000.0,post_all,13500,1.0,10,1.0,1.0,0.009659379766141332,1.0,0.0,0.9908817389866073,"6,10,14,3,12,5,24,25,20,1",0.020843924758515507,0.9903406202338587,0.0,0.9791560752414845,inf,original
strong_CGF,add,53,0.0016,2.7591,7,C<G<F,10000.0,12500.0,18500.0,pre_all,5000,0.010676156729459763,1,0.010676156583629894,0.04931367564819522,0.005592272496187087,0.01179461108286731,0.0012617868475842254,0.0909734527036682,12,0.0066090493136756485,0.005083884087442807,-0.0011184544992374167,0.004067107269954245,-4.5454545454545485,original
strong_CGF,add,53,0.0016,2.7591,7,C<G<F,10000.0,12500.0,18500.0,pre_all,5000,0.010676156729459763,3,0.010676156583629894,0.07168276563294357,0.003050330452465684,0.010981189628876462,0.0013866986982192027,0.20212338424399942,"12,24,5",0.004575495678698526,0.00762582613116421,-0.00030503304524656834,0.006100660904931368,-25.000000000000007,original
strong_CGF,add,53,0.0016,2.7591,7,C<G<F,10000.0,12500.0,18500.0,pre_all,5000,0.010676156729459763,5,0.010676156583629894,0.061006609049313675,0.0020335536349771225,0.014234875444839857,0.002296205346341884,0.30503402444856315,"12,24,5,9,11",0.011692933401118455,0.00864260294865277,-0.0035587188612099634,-0.0010167768174885617,-2.4285714285714293,original
strong_CGF,add,53,0.0016,2.7591,7,C<G<F,10000.0,12500.0,18500.0,pre_all,5000,0.010676156729459763,10,0.010676156583629894,0.0472801220132181,0.004067107269954245,0.025317742755465177,0.0031074136837694207,0.546571640303903,"12,24,5,9,11,20,16,6,1,14",0.018301982714794104,0.0066090493136756485,-0.014641586171835284,-0.00762582613116421,-0.45138888888888884,original
strong_CGF,add,53,0.0016,2.7591,7,C<G<F,10000.0,12500.0,18500.0,between_circ_gen,11000,0.9034062027931213,1,0.9034062023385867,0.12455516014234876,0.6695475343162176,0.8912048805287238,0.0072255568904686955,0.2239557330698333,9,0.03863751906456533,0.2338586680223691,0.012201321809862886,0.8647686832740213,19.16666666666643,original
strong_CGF,add,53,0.0016,2.7591,7,C<G<F,10000.0,12500.0,18500.0,between_circ_gen,11000,0.9034062027931213,3,0.9034062023385867,0.9303507880020335,0.2841891204880529,0.8922216573462126,0.01173925970299674,0.5142969591861902,"9,5,11",0.02491103202846975,0.6192170818505338,0.01118454499237409,0.8784951703101169,55.36363636363678,original
strong_CGF,add,53,0.0016,2.7591,7,C<G<F,10000.0,12500.0,18500.0,between_circ_gen,11000,0.9034062027931213,5,0.9034062023385867,0.9827147941026945,0.041179461108286734,0.9133706151499746,0.003812574124911567,0.7343389892321273,"9,5,11,12,24",0.021352313167259787,0.8622267412303,-0.009964412811387935,0.8820538891713269,-86.53061224489765,original
strong_CGF,add,53,0.0016,2.7591,7,C<G<F,10000.0,12500.0,18500.0,between_circ_gen,11000,0.9034062027931213,10,0.9034062023385867,0.9689883070665989,0.004067107269954245,0.9462125063548552,0.002190204293699869,0.9236312724635011,"9,5,11,12,24,1,14,22,26,16",0.022877478393492627,0.8993390950686324,-0.042806304016268504,0.8805287239450941,-21.009501187648418,original
strong_CGF,add,53,0.0016,2.7591,7,C<G<F,10000.0,12500.0,18500.0,between_gen_F,15500,0.9959328770637512,1,0.9959328927300457,0.1545500762582613,0.9877986781901372,0.9949161159125574,0.00032153306153212183,0.20626353972092226,9,0.24300965937976615,0.00813421453990848,0.0010167768174883518,0.7529232333502796,8.000000000001638,original
strong_CGF,add,53,0.0016,2.7591,7,C<G<F,10000.0,12500.0,18500.0,between_gen_F,15500,0.9959328770637512,3,0.9959328927300457,0.9730554143365532,0.8439247585155059,0.9930859176410778,0.001386698698219223,0.49501642866049245,"9,11,12",0.14590747330960854,0.15200813421453985,0.002846975088967918,0.8500254194204372,53.39285714285813,original
strong_CGF,add,53,0.0016,2.7591,7,C<G<F,10000.0,12500.0,18500.0,between_gen_F,15500,0.9959328770637512,5,0.9959328927300457,0.9954245043213015,0.38383324860193185,0.9934926283680732,0.0006744534398282611,0.7439200578026335,"9,11,12,5,1",0.061514997458057954,0.6120996441281139,0.002440264361972533,0.9344178952719877,250.8333333333348,original
strong_CGF,add,53,0.0016,2.7591,7,C<G<F,10000.0,12500.0,18500.0,between_gen_F,15500,0.9959328770637512,10,0.9959328927300457,0.9974580579562786,0.002541942043721403,0.9968479918657854,0.0003804430489856563,0.9826674826423196,"9,11,12,5,1,24,14,16,22,26",0.019827147941026944,0.9933909506863243,-0.0009150991357397276,0.9761057447890188,-1085.5555555555288,original
strong_CGF,add,53,0.0016,2.7591,7,C<G<F,10000.0,12500.0,18500.0,post_all,20500,1.0,1,1.0,0.1392984239959329,0.9989832231825114,0.9994916115912558,0.000556911598886785,0.15867528441264458,9,0.06354855109303507,0.0010167768174885738,0.0005083884087442314,0.936451448906965,2.0000000000002185,original
strong_CGF,add,53,0.0016,2.7591,7,C<G<F,10000.0,12500.0,18500.0,post_all,20500,1.0,3,1.0,0.974580579562786,0.9877986781901372,0.9986781901372648,0.0010468358048792243,0.4161308830356123,"9,16,5",0.03863751906456533,0.012201321809862775,0.0013218098627352237,0.9613624809354346,9.230769230768605,original
strong_CGF,add,53,0.0016,2.7591,7,C<G<F,10000.0,12500.0,18500.0,post_all,20500,1.0,5,1.0,1.0,0.8047788510421963,0.9989832231825115,0.0005569115988867849,0.6564874192159931,"9,16,5,1,24",0.02541942043721403,0.19522114895780374,0.0010167768174884628,0.974580579562786,192.00000000001856,original
strong_CGF,add,53,0.0016,2.7591,7,C<G<F,10000.0,12500.0,18500.0,post_all,20500,1.0,10,1.0,1.0,0.003050330452465684,1.0,0.0,0.9908327269148884,"9,16,5,1,24,11,12,14,21,7",0.019318759532282664,0.9969496695475343,0.0,0.9806812404677173,inf,original
canonical_GF_s2025,add,53,0.0016,1.7145,2025,C<G<F,8000.0,16000.0,36000.0,pre_all,4000,0.018810370936989784,1,0.018810371123538384,0.059989832231825115,0.010676156583629894,0.019217081850533807,0.0018858400600906358,0.09098448459807121,22,0.01728520589730554,0.00813421453990849,-0.0004067107269954233,0.0015251652262328434,-20.00000000000006,expansion
canonical_GF_s2025,add,53,0.0016,1.7145,2025,C<G<F,8000.0,16000.0,36000.0,pre_all,4000,0.018810370936989784,3,0.018810371123538384,0.1235383833248602,0.0035587188612099642,0.02094560244026436,0.0017434090695965675,0.23940307669972155,"22,15,4",0.01677681748856126,0.01525165226232842,-0.0021352313167259766,0.0020335536349771234,-7.14285714285715,expansion
canonical_GF_s2025,add,53,0.0016,1.7145,2025,C<G<F,8000.0,16000.0,36000.0,pre_all,4000,0.018810370936989784,5,0.018810371123538384,0.09303507880020336,0.004575495678698526,0.024911032028469747,0.001731508527292974,0.34868793330301784,"22,15,4,5,8",0.018301982714794104,0.014234875444839857,-0.006100660904931363,0.00050838840874428,-2.333333333333335,expansion
canonical_GF_s2025,add,53,0.0016,1.7145,2025,C<G<F,8000.0,16000.0,36000.0,pre_all,4000,0.018810370936989784,10,0.018810371123538384,0.0681240467717336,0.002541942043721403,0.03772241992882563,0.003823405323225861,0.5464069032481238,"22,15,4,5,8,1,2,13,26,14",0.019318759532282664,0.01626842907981698,-0.018912048805287244,-0.00050838840874428,-0.8602150537634407,expansion
canonical_GF_s2025,add,53,0.0016,1.7145,2025,C<G<F,8000.0,16000.0,36000.0,between_circ_gen,12000,0.6441280841827393,1,0.6441281138790036,0.1103202846975089,0.3990849008642603,0.6101677681748856,0.0035427049090359804,0.23246682001173546,22,0.32079308591764105,0.2450432130147433,0.03396034570411799,0.32333502796136254,7.2155688622754415,expansion
canonical_GF_s2025,add,53,0.0016,1.7145,2025,C<G<F,8000.0,16000.0,36000.0,between_circ_gen,12000,0.6441280841827393,3,0.6441281138790036,0.8688357905439756,0.062023385866802234,0.6111845449923742,0.012672645497411879,0.6133483752391297,"22,15,4",0.06456532791052363,0.5821047280122014,0.032943568886629415,0.57956278596848,17.66975308641974,expansion
canonical_GF_s2025,add,53,0.0016,1.7145,2025,C<G<F,8000.0,16000.0,36000.0,between_circ_gen,12000,0.6441280841827393,5,0.6441281138790036,0.9044229791560753,0.0071174377224199285,0.68978139298424,0.004160096094657605,0.8515967845425548,"22,15,4,3,5",0.018301982714794104,0.6370106761565837,-0.04565327910523642,0.6258261311642095,-13.953229398663693,expansion
canonical_GF_s2025,add,53,0.0016,1.7145,2025,C<G<F,8000.0,16000.0,36000.0,between_circ_gen,12000,0.6441280841827393,10,0.6441281138790036,0.7788510421962379,0.00864260294865277,0.7169293340111846,0.007199756366893954,0.9193396785643463,"22,15,4,3,5,24,17,13,2,14",0.017793594306049824,0.6354855109303508,-0.07280122013218104,0.6263345195729537,-8.729050279329602,expansion
canonical_GF_s2025,add,53,0.0016,1.7145,2025,C<G<F,8000.0,16000.0,36000.0,between_gen_F,26000,0.9893238544464111,1,0.9893238434163701,0.17132689374682258,0.9089984748347738,0.9819013726487036,0.004643899236062709,0.2426765685540787,5,0.06456532791052363,0.08032536858159633,0.007422470767666556,0.9247585155058465,10.821917808219093,expansion
canonical_GF_s2025,add,53,0.0016,1.7145,2025,C<G<F,8000.0,16000.0,36000.0,between_gen_F,26000,0.9893238544464111,3,0.9893238434163701,0.9730554143365532,0.3675648195221149,0.9839349262836808,0.0027016431633119413,0.619051610722334,"5,3,15",0.03711235383833249,0.6217590238942552,0.005388917132689297,0.9522114895780377,115.3773584905677,expansion
canonical_GF_s2025,add,53,0.0016,1.7145,2025,C<G<F,8000.0,16000.0,36000.0,between_gen_F,26000,0.9893238544464111,5,0.9893238434163701,0.9979664463650229,0.005083884087442806,0.9919674631418403,0.0017728109582270282,0.9473556694495163,"5,3,15,22,4",0.022877478393492627,0.9842399593289274,-0.0026436197254701144,0.9664463650228775,-372.3076923077127,expansion
canonical_GF_s2025,add,53,0.0016,1.7145,2025,C<G<F,8000.0,16000.0,36000.0,between_gen_F,26000,0.9893238544464111,10,0.9893238434163701,0.9938993390950687,0.006100660904931368,0.992272496187087,0.0006744534398282477,0.9866001179772679,"5,3,15,22,4,24,17,6,25,11",0.015251652262328419,0.9832231825114388,-0.0029486527707168753,0.9740721911540418,-333.4482758620636,expansion
canonical_GF_s2025,add,53,0.0016,1.7145,2025,C<G<F,8000.0,16000.0,36000.0,post_all,43000,1.0,1,1.0,0.1733604473817997,0.9974580579562786,0.9996949669547535,0.000406710726995424,0.23356629266764567,3,0.02592780884595831,0.002541942043721379,0.00030503304524653885,0.9740721911540416,8.33333333333406,expansion
canonical_GF_s2025,add,53,0.0016,1.7145,2025,C<G<F,8000.0,16000.0,36000.0,post_all,43000,1.0,3,1.0,0.9883070665988816,0.8088459583121504,0.9997966446365023,0.00024905843851377133,0.6168617899984327,"3,15,22",0.02389425521098119,0.19115404168784955,0.00020335536349769257,0.9761057447890188,940.0000000000912,expansion
canonical_GF_s2025,add,53,0.0016,1.7145,2025,C<G<F,8000.0,16000.0,36000.0,post_all,43000,1.0,5,1.0,1.0,0.0315200813421454,0.9998983223182512,0.00020335536349769257,0.9524279004008674,"3,15,22,5,4",0.018810371123538384,0.9684799186578545,0.00010167768174884628,0.9811896288764617,9525.000000000922,expansion
canonical_GF_s2025,add,53,0.0016,1.7145,2025,C<G<F,8000.0,16000.0,36000.0,post_all,43000,1.0,10,1.0,1.0,0.00813421453990849,1.0,0.0,0.9957817841636293,"3,15,22,5,4,17,24,6,25,26",0.014743263853584139,0.9918657854600915,0.0,0.9852567361464158,inf,expansion
canonical_GF_s42,add,53,0.0016,1.7145,42,C<G<F,11000.0,18000.0,32500.0,pre_all,5500,0.00864260271191597,1,0.00864260294865277,0.04778851042196238,0.004575495678698526,0.009761057447890187,0.0013412207380043642,0.07176802101885542,19,0.010676156583629894,0.004067107269954244,-0.0011184544992374167,-0.0020335536349771234,-3.636363636363638,expansion
canonical_GF_s42,add,53,0.0016,1.7145,42,C<G<F,11000.0,18000.0,32500.0,pre_all,5500,0.00864260271191597,3,0.00864260294865277,0.08185053380782918,0.006100660904931368,0.012811387900355872,0.0018582274410266458,0.19555457600672033,"19,24,9",0.012709710218607015,0.0025419420437214025,-0.004168784951703102,-0.004067107269954245,-0.6097560975609754,expansion
canonical_GF_s42,add,53,0.0016,1.7145,42,C<G<F,11000.0,18000.0,32500.0,pre_all,5500,0.00864260271191597,5,0.00864260294865277,0.07168276563294357,0.004575495678698526,0.013116420945602439,0.0014162062305220252,0.2975266198411588,"19,24,9,21,7",0.013726487036095577,0.004067107269954244,-0.004473817996949668,-0.005083884087442807,-0.9090909090909092,expansion
canonical_GF_s42,add,53,0.0016,1.7145,42,C<G<F,11000.0,18000.0,32500.0,pre_all,5500,0.00864260271191597,10,0.00864260294865277,0.0498220640569395,0.003050330452465684,0.026131164209456027,0.0013866986982192023,0.5169432668935494,"19,24,9,21,7,6,4,23,8,16",0.021352313167259787,0.005592272496187087,-0.017488561260803257,-0.012709710218607017,-0.319767441860465,expansion
canonical_GF_s42,add,53,0.0016,1.7145,42,C<G<F,11000.0,18000.0,32500.0,between_circ_gen,14500,0.9557701945304871,1,0.9557702084392475,0.08998474834773768,0.8825622775800712,0.9446873411286223,0.004608142020792979,0.17295836498250616,7,0.24758515505846468,0.07320793085917632,0.011082867310625244,0.7081850533807829,6.605504587155999,expansion
canonical_GF_s42,add,53,0.0016,1.7145,42,C<G<F,11000.0,18000.0,32500.0,between_circ_gen,14500,0.9557701945304871,3,0.9557702084392475,0.8759532282663955,0.3802745297407219,0.9351296390442296,0.005405199332995235,0.5064918416202983,"7,24,9",0.13065582104728013,0.5754956786985257,0.020640569395017905,0.8251143873919674,27.88177339901463,expansion
canonical_GF_s42,add,53,0.0016,1.7145,42,C<G<F,11000.0,18000.0,32500.0,between_circ_gen,14500,0.9557701945304871,5,0.9557702084392475,0.9725470259278088,0.030503304524656837,0.9545500762582613,0.004903774499964418,0.7911018538443875,"7,24,9,19,4",0.042704626334519574,0.9252669039145907,0.0012201321809862664,0.913065582104728,758.3333333333377,expansion
canonical_GF_s42,add,53,0.0016,1.7145,42,C<G<F,11000.0,18000.0,32500.0,between_circ_gen,14500,0.9557701945304871,10,0.9557702084392475,0.9705134722928317,0.003050330452465684,0.9645144890696491,0.0014874162519906173,0.9657013130251153,"7,24,9,19,4,21,6,1,18,11",0.018301982714794104,0.9527198779867818,-0.008744280630401557,0.9374682257244534,-108.95348837209387,expansion
canonical_GF_s42,add,53,0.0016,1.7145,42,C<G<F,11000.0,18000.0,32500.0,between_gen_F,25000,0.982206404209137,1,0.9822064056939501,0.14794102694458566,0.9750889679715302,0.9814946619217082,0.0006896115895399116,0.2462891331676821,7,0.10371123538383324,0.007117437722419906,0.000711743772241924,0.8784951703101169,10.000000000000936,expansion
canonical_GF_s42,add,53,0.0016,1.7145,42,C<G<F,11000.0,18000.0,32500.0,between_gen_F,25000,0.982206404209137,3,0.9822064056939501,0.958312150482969,0.9211997966446365,0.9805795627859684,0.0008746644908024993,0.5489560311262819,"7,9,24",0.0711743772241993,0.061006609049313654,0.0016268429079817626,0.9110320284697508,37.4999999999985,expansion
canonical_GF_s42,add,53,0.0016,1.7145,42,C<G<F,11000.0,18000.0,32500.0,between_gen_F,25000,0.982206404209137,5,0.9822064056939501,0.9801728520589731,0.34011184544992373,0.9816980172852059,0.0008506965190992098,0.8016640468304983,"7,9,24,19,21",0.0340620233858668,0.6420945602440264,0.0005083884087442314,0.9481443823080833,1263.0000000001223,expansion
canonical_GF_s42,add,53,0.0016,1.7145,42,C<G<F,11000.0,18000.0,32500.0,between_gen_F,25000,0.982206404209137,10,0.9822064056939501,0.9832231825114387,0.004067107269954245,0.98312150482969,0.0003804430489856563,0.9938593037538962,"7,9,24,19,21,4,1,6,12,26",0.01728520589730554,0.9781392984239958,-0.0009150991357398386,0.9649211997966446,-1068.888888888733,expansion
canonical_GF_s42,add,53,0.0016,1.7145,42,C<G<F,11000.0,18000.0,32500.0,post_all,38000,0.9954245090484619,1,0.9954245043213015,0.157600406710727,0.9933909506863243,0.9946110828673106,0.0008864054791135008,0.193846264834918,21,0.058973055414336555,0.0020335536349771477,0.0008134214539908813,0.936451448906965,2.4999999999999316,expansion
canonical_GF_s42,add,53,0.0016,1.7145,42,C<G<F,11000.0,18000.0,32500.0,post_all,38000,0.9954245090484619,3,0.9954245043213015,0.9715302491103203,0.9816980172852059,0.9933909506863243,0.0007189697825994472,0.4960545105061604,"21,9,24",0.05185561769191662,0.01372648703609558,0.0020335536349771477,0.9435688866293849,6.749999999999918,expansion
canonical_GF_s42,add,53,0.0016,1.7145,42,C<G<F,11000.0,18000.0,32500.0,post_all,38000,0.9954245090484619,5,0.9954245043213015,0.9913573970513472,0.505338078291815,0.994306049822064,0.0007471753155413925,0.7462767956737026,"21,9,24,7,19",0.04016268429079817,0.4900864260294865,0.0011184544992374201,0.9552618200305033,438.18181818181705,expansion
canonical_GF_s42,add,53,0.0016,1.7145,42,C<G<F,11000.0,18000.0,32500.0,post_all,38000,0.9954245090484619,10,0.9954245043213015,0.9938993390950687,0.003050330452465684,0.9947127605490597,0.00040671072699542953,0.9944126831703786,"21,9,24,7,19,4,1,6,18,14",0.020335536349771224,0.9923741738688358,0.000711743772241813,0.9750889679715302,1394.2857142860666,expansion
lr_low_GF,add,53,0.0009259,2.5,42,G<F,,21500.0,29000.0,pre_known_events,11000,0.09150991588830948,1,0.09150991357397051,0.061514997458057954,0.04931367564819522,0.08917132689374682,0.0008260333914220597,0.11119649766314425,19,0.02592780884595831,0.04219623792577529,0.0023385866802236865,0.0655821047280122,18.0434782608696,expansion
lr_low_GF,add,53,0.0009259,2.5,42,G<F,,21500.0,29000.0,pre_known_events,11000,0.09150991588830948,3,0.09150991357397051,0.3177427554651754,0.01677681748856126,0.09771225216065073,0.005257827544015415,0.27689590434292133,"19,3,14",0.02541942043721403,0.07473309608540925,-0.00620233858668022,0.06609049313675648,-12.049180327868859,expansion
lr_low_GF,add,53,0.0009259,2.5,42,G<F,,21500.0,29000.0,pre_known_events,11000,0.09150991588830948,5,0.09150991357397051,0.3543467208947636,0.00813421453990849,0.1177427554651754,0.0059427104000823435,0.40477045363461883,"19,3,14,23,6",0.020843924758515507,0.08337569903406201,-0.026232841891204894,0.070665988815455,-3.178294573643409,expansion
lr_low_GF,add,53,0.0009259,2.5,42,G<F,,21500.0,29000.0,pre_known_events,11000,0.09150991588830948,10,0.09150991357397051,0.32079308591764105,0.0020335536349771225,0.19755973563802748,0.009739851562646095,0.6137061532514627,"19,3,14,23,6,7,24,25,12,4",0.02338586680223691,0.08947635993899339,-0.10604982206405697,0.0681240467717336,-0.8437200383509106,expansion
lr_low_GF,add,53,0.0009259,2.5,42,G<F,,21500.0,29000.0,between_gen_F_partial,25000,0.8998475074768066,1,0.8998474834773768,0.06507371631926792,0.7620742247076767,0.8863243518047789,0.00399788576539653,0.17594661667272132,24,0.020843924758515507,0.13777325876970004,0.013523131672597888,0.8790035587188613,10.18796992481201,expansion
lr_low_GF,add,53,0.0009259,2.5,42,G<F,,21500.0,29000.0,between_gen_F_partial,25000,0.8998475074768066,3,0.8998474834773768,0.43924758515505846,0.4107778342653787,0.8695475343162176,0.00793216262932061,0.49370061358904854,"24,7,19",0.019318759532282664,0.489069649211998,0.03029994916115919,0.8805287239450941,16.140939597315406,expansion
lr_low_GF,add,53,0.0009259,2.5,42,G<F,,21500.0,29000.0,between_gen_F_partial,25000,0.8998475074768066,5,0.8998474834773768,0.8373157092018302,0.11947127605490594,0.875749872902898,0.005424292290126745,0.7111222353542065,"24,7,19,3,14",0.017793594306049824,0.7803762074224708,0.02409761057447879,0.8820538891713269,32.38396624472589,expansion
lr_low_GF,add,53,0.0009259,2.5,42,G<F,,21500.0,29000.0,between_gen_F_partial,25000,0.8998475074768066,10,0.8998474834773768,0.9298423995932893,0.0071174377224199285,0.9189628876461617,0.0017786330131709272,0.97108148101526,"24,7,19,3,14,23,25,13,8,1",0.01728520589730554,0.8927300457549568,-0.01911540416878499,0.8825622775800712,-46.70212765957438,expansion
lr_low_GF,add,53,0.0009259,2.5,42,G<F,,21500.0,29000.0,post_known_events,31000,1.0,1,1.0,0.170310116929334,0.9969496695475343,0.9998983223182512,0.0002033553634976926,0.21294577373681944,19,0.02440264361972547,0.0030503304524657215,0.00010167768174884628,0.9755973563802746,30.000000000003276,expansion
lr_low_GF,add,53,0.0009259,2.5,42,G<F,,21500.0,29000.0,post_known_events,31000,1.0,3,1.0,0.9064565327910523,0.9354346720894764,0.9995932892730046,0.0003804430489856563,0.5216727524809234,"19,24,7",0.022369089984748347,0.0645653279105236,0.00040671072699538513,0.9776309100152516,158.7500000000153,expansion
lr_low_GF,add,53,0.0009259,2.5,42,G<F,,21500.0,29000.0,post_known_events,31000,1.0,5,1.0,0.9994916115912558,0.4875444839857651,0.9996949669547535,0.000406710726995424,0.7629105862544195,"19,24,7,25,23",0.02491103202846975,0.5124555160142349,0.00030503304524653885,0.9750889679715302,1680.0000000001628,expansion
lr_low_GF,add,53,0.0009259,2.5,42,G<F,,21500.0,29000.0,post_known_events,31000,1.0,10,1.0,1.0,0.0010167768174885613,1.0,0.0,0.993570260835911,"19,24,7,25,23,3,14,13,8,15",0.018810371123538384,0.9989832231825114,0.0,0.9811896288764617,inf,expansion
mul_GF,mul,53,0.0016,2.4497,42,G<F,,8500.0,14000.0,pre_known_events,4000,0.06354855000972748,1,0.06354855109303507,0.02389425521098119,0.059481443823080835,0.06436197254702594,0.0020986037051906772,0.05325978973991872,5,0.04829689883070666,0.00406710726995424,-0.0008134214539908674,0.015251652262328413,-4.999999999999881,expansion
mul_GF,mul,53,0.0016,2.4497,42,G<F,,8500.0,14000.0,pre_known_events,4000,0.06354855000972748,3,0.06354855109303507,0.031011692933401117,0.062023385866802234,0.06212506354855109,0.002519473653963166,0.15505454545704775,"5,11,18",0.05083884087442806,0.00152516522623284,0.0014234875444839867,0.012709710218607013,1.0714285714285694,expansion
mul_GF,mul,53,0.0016,2.4497,42,G<F,,8500.0,14000.0,pre_known_events,4000,0.06354855000972748,5,0.06354855109303507,0.058973055414336555,0.06354855109303507,0.06161667513980682,0.0017434090695965681,0.2461501451470615,"5,11,18,26,23",0.045246568378240974,0.0,0.0019318759532282528,0.0183019827147941,0.0,expansion
mul_GF,mul,53,0.0016,2.4497,42,G<F,,8500.0,14000.0,pre_known_events,4000,0.06354855000972748,10,0.06354855109303507,0.06456532791052363,0.062023385866802234,0.06253177427554653,0.0022507314307248275,0.4539826416584288,"5,11,18,26,23,24,7,21,13,9",0.04829689883070666,0.00152516522623284,0.001016776817488546,0.015251652262328413,1.5000000000000204,expansion
mul_GF,mul,53,0.0016,2.4497,42,G<F,,8500.0,14000.0,between_gen_F_partial,11000,0.9755973815917969,1,0.9755973563802746,0.04016268429079817,0.9750889679715302,0.9666497203863752,0.006114202899185749,0.04724197137054171,9,0.1235383833248602,0.0005083884087443424,0.008947635993899361,0.8520589730554143,0.05681818181818859,expansion
mul_GF,mul,53,0.0016,2.4497,42,G<F,,8500.0,14000.0,between_gen_F_partial,11000,0.9755973815917969,3,0.9755973563802746,0.12201321809862735,0.9501779359430605,0.9496695475343161,0.012323569924657402,0.13562927462577595,"9,26,1",0.07727503812913065,0.025419420437214013,0.025927808845958467,0.898322318251144,0.9803921568627385,expansion
mul_GF,mul,53,0.0016,2.4497,42,G<F,,8500.0,14000.0,between_gen_F_partial,11000,0.9755973815917969,5,0.9755973563802746,0.16370106761565836,0.9313675648195221,0.8831723436705643,0.011907146809596246,0.2193965989631264,"9,26,1,24,11",0.07066598881545501,0.04422979156075246,0.09242501270971026,0.9049313675648195,0.47854785478547884,expansion
mul_GF,mul,53,0.0016,2.4497,42,G<F,,8500.0,14000.0,between_gen_F_partial,11000,0.9755973815917969,10,0.9755973563802746,0.44636502287747837,0.7371631926792069,0.7324860193187596,0.041039762538858236,0.42154942826424485,"9,26,1,24,11,18,13,17,7,14",0.05541433655312659,0.23843416370106763,0.243111337061515,0.920183019827148,0.9807611877875366,expansion
mul_GF,mul,53,0.0016,2.4497,42,G<F,,8500.0,14000.0,post_known_events,15500,0.9944077134132385,1,0.9944077275038129,0.027452974072191154,0.9944077275038129,0.9941026944585664,0.0007608860979713244,0.04555743660236226,1,0.22979156075241486,0.0,0.00030503304524653885,0.764616166751398,0.0,expansion
mul_GF,mul,53,0.0016,2.4497,42,G<F,,8500.0,14000.0,post_known_events,15500,0.9944077134132385,3,0.9944077275038129,0.0813421453990849,0.9893238434163701,0.9894255210981189,0.0036716766823117067,0.1290779671879898,"1,26,21",0.14641586171835283,0.005083884087442758,0.004982206405694023,0.84799186578546,1.0204081632652815,expansion
mul_GF,mul,53,0.0016,2.4497,42,G<F,,8500.0,14000.0,post_known_events,15500,0.9944077134132385,5,0.9944077275038129,0.22216573462125064,0.9649211997966446,0.9700050838840873,0.007849622395777842,0.21201505423272413,"1,26,21,9,5",0.10218607015760041,0.02948652770716831,0.02440264361972555,0.8922216573462125,1.2083333333333306,expansion
mul_GF,mul,53,0.0016,2.4497,42,G<F,,8500.0,14000.0,post_known_events,15500,0.9944077134132385,10,0.9944077275038129,0.559735638027453,0.8596847991865786,0.8449415353329943,0.02172193219030251,0.40982158675719704,"1,26,21,9,5,25,16,13,12,7",0.060498220640569395,0.13472292831723431,0.14946619217081858,0.9339095068632435,0.9013605442176863,expansion
p97_GF,add,97,0.0016,2.4497,42,G<F,,2500.0,30500.0,pre_known_events,1000,0.0034917262382805347,1,0.003491726127220282,0.021557613481099136,0.0024290268711097615,0.0036131774707757703,0.00045442931674801183,0.057749794243339286,45,0.003491726127220282,0.0010626992561105207,-0.00012145134355548816,0.0,-8.749999999999993,expansion
p97_GF,add,97,0.0016,2.4497,42,G<F,,2500.0,30500.0,pre_known_events,1000,0.0034917262382805347,3,0.003491726127220282,0.023986640352208898,0.0022772126916654014,0.004129345680886595,0.0005025943633595521,0.13519618414116272,"45,23,9",0.006983452254440564,0.0012145134355548808,-0.0006376195536663127,-0.003491726127220282,-1.9047619047619038,expansion
p97_GF,add,97,0.0016,2.4497,42,G<F,,2500.0,30500.0,pre_known_events,1000,0.0034917262382805347,5,0.003491726127220282,0.019584029148322454,0.0021253985122210413,0.004281159860330955,0.0009078437156657692,0.19679075349566413,"45,23,9,28,15",0.006679823895551844,0.0013663276149992408,-0.0007894337331106724,-0.003188097768331562,-1.730769230769231,expansion
p97_GF,add,97,0.0016,2.4497,42,G<F,,2500.0,30500.0,pre_known_events,1000,0.0034917262382805347,10,0.003491726127220282,0.020191285866099893,0.0013663276149992408,0.005708213147107941,0.0006042128052871534,0.32842873453727994,"45,23,9,28,15,19,18,47,44,7",0.009867921663883407,0.0021253985122210413,-0.0022164870198876584,-0.006376195536663125,-0.9589041095890406,expansion
p97_GF,add,97,0.0016,2.4497,42,G<F,,2500.0,30500.0,between_gen_F_partial,16500,1.0,1,1.0,0.12767572491270684,1.0,1.0,0.0,0.21659163717090668,2,0.11826324578715652,0.0,0.0,0.8817367542128435,inf,expansion
p97_GF,add,97,0.0016,2.4497,42,G<F,,2500.0,30500.0,between_gen_F_partial,16500,1.0,3,1.0,0.9992409291027782,0.996204645513891,1.0,0.0,0.5495764180682206,"2,23,18",0.09230302110217094,0.003795354486109015,0.0,0.9076969788978291,inf,expansion
p97_GF,add,97,0.0016,2.4497,42,G<F,,2500.0,30500.0,between_gen_F_partial,16500,1.0,5,1.0,1.0,0.6189464095946562,1.0,0.0,0.7894644225458645,"2,23,18,40,8",0.02838925155609534,0.3810535904053438,0.0,0.9716107484439047,inf,expansion
p97_GF,add,97,0.0016,2.4497,42,G<F,,2500.0,30500.0,between_gen_F_partial,16500,1.0,10,1.0,1.0,0.0013663276149992408,1.0,0.0,0.9963710418104126,"2,23,18,40,8,45,9,44,4,6",0.009867921663883407,0.9986336723850008,0.0,0.9901320783361166,inf,expansion
p97_GF,add,97,0.0016,2.4497,42,G<F,,2500.0,30500.0,post_known_events,37500,1.0,1,1.0,0.18369515712767573,1.0,1.0,0.0,0.23503097012839808,23,0.011386063458327008,0.0,0.0,0.988613936541673,inf,expansion
p97_GF,add,97,0.0016,2.4497,42,G<F,,2500.0,30500.0,post_known_events,37500,1.0,3,1.0,0.9966600880522241,1.0,1.0,0.0,0.5418633230434153,"23,2,18",0.010323364202216486,0.0,0.0,0.9896766357977835,inf,expansion
p97_GF,add,97,0.0016,2.4497,42,G<F,,2500.0,30500.0,post_known_events,37500,1.0,5,1.0,1.0,0.4943069682708365,1.0,0.0,0.7854235785581092,"23,2,18,8,45",0.010626992561105207,0.5056930317291635,0.0,0.9893730074388948,inf,expansion
p97_GF,add,97,0.0016,2.4497,42,G<F,,2500.0,30500.0,post_known_events,37500,1.0,10,1.0,1.0,0.0001518141794443601,1.0,0.0,0.996822409910215,"23,2,18,8,45,40,9,44,19,6",0.010475178381660847,0.9998481858205557,0.0,0.9895248216183391,inf,expansion
wd_high_GF,add,53,0.0016,3.1075,42,G<F,,12000.0,24500.0,pre_known_events,6000,0.024402644485235214,1,0.02440264361972547,0.05541433655312659,0.014234875444839857,0.024809354346720894,0.0026200505799135994,0.0897668678224056,3,0.017793594306049824,0.010167768174885614,-0.0004067107269954233,0.006609049313675647,-25.000000000000078,expansion
wd_high_GF,add,53,0.0016,3.1075,42,G<F,,12000.0,24500.0,pre_known_events,6000,0.024402644485235214,3,0.02440264361972547,0.22928317234367057,0.005592272496187087,0.031215048296898827,0.003757949895795897,0.247469432413863,"3,19,14",0.020843924758515507,0.018810371123538384,-0.006812404677173357,0.0035587188612099634,-2.761194029850748,expansion
wd_high_GF,add,53,0.0016,3.1075,42,G<F,,12000.0,24500.0,pre_known_events,6000,0.024402644485235214,5,0.02440264361972547,0.21708185053380782,0.0020335536349771225,0.039552618200305034,0.0017728109582270145,0.36457124514160966,"3,19,14,24,4",0.01626842907981698,0.022369089984748347,-0.015149974580579564,0.00813421453990849,-1.4765100671140938,expansion
wd_high_GF,add,53,0.0016,3.1075,42,G<F,,12000.0,24500.0,pre_known_events,6000,0.024402644485235214,10,0.02440264361972547,0.1423487544483986,0.004575495678698526,0.06873411286222675,0.0010369129666685881,0.5814422326847672,"3,19,14,24,4,9,6,12,23,7",0.014743263853584139,0.019827147941026944,-0.04433146924250128,0.009659379766141332,-0.4472477064220182,expansion
wd_high_GF,add,53,0.0016,3.1075,42,G<F,,12000.0,24500.0,between_gen_F_partial,18000,0.9857650995254517,1,0.9857651245551602,0.14743263853584138,0.9506863243518048,0.9804778851042197,0.0012699538380067969,0.1846820502399291,19,0.029994916115912557,0.03507880020335541,0.005287239450940451,0.9557702084392476,6.634615384615478,expansion
wd_high_GF,add,53,0.0016,3.1075,42,G<F,,12000.0,24500.0,between_gen_F_partial,18000,0.9857650995254517,3,0.9857651245551602,0.9562785968479919,0.5887137773258769,0.981596339603457,0.004354369721477146,0.5172489231789584,"19,3,23",0.022369089984748347,0.39705134722928326,0.004168784951703142,0.9633960345704118,95.24390243902349,expansion
wd_high_GF,add,53,0.0016,3.1075,42,G<F,,12000.0,24500.0,between_gen_F_partial,18000,0.9857650995254517,5,0.9857651245551602,0.9893238434163701,0.058464667005592275,0.9839349262836807,0.002503006329454223,0.8068843690847302,"19,3,23,14,24",0.017793594306049824,0.9273004575495679,0.0018301982714794551,0.9679715302491103,506.6666666666543,expansion
wd_high_GF,add,53,0.0016,3.1075,42,G<F,,12000.0,24500.0,between_gen_F_partial,18000,0.9857650995254517,10,0.9857651245551602,0.9903406202338587,0.011692933401118455,0.9888154550076258,0.0009645991845963655,0.982492388506694,"19,3,23,14,24,12,13,25,8,6",0.015251652262328419,0.9740721911540418,-0.0030503304524656105,0.9705134722928318,-319.33333333334105,expansion
wd_high_GF,add,53,0.0016,3.1075,42,G<F,,12000.0,24500.0,post_known_events,27500,1.0,1,1.0,0.25063548551093034,1.0,1.0,0.0,0.25038345970737275,19,0.01728520589730554,0.0,0.0,0.9827147941026945,inf,expansion
wd_high_GF,add,53,0.0016,3.1075,42,G<F,,12000.0,24500.0,post_known_events,27500,1.0,3,1.0,0.99644128113879,0.9969496695475343,0.9998983223182512,0.00020335536349769257,0.5312777601711132,"19,12,23",0.01728520589730554,0.0030503304524657215,0.00010167768174884628,0.9827147941026945,30.000000000003276,expansion
wd_high_GF,add,53,0.0016,3.1075,42,G<F,,12000.0,24500.0,post_known_events,27500,1.0,5,1.0,1.0,0.5780376207422471,1.0,0.0,0.8005766295865328,"19,12,23,14,13",0.01728520589730554,0.42196237925775293,0.0,0.9827147941026945,inf,expansion
wd_high_GF,add,53,0.0016,3.1075,42,G<F,,12000.0,24500.0,post_known_events,27500,1.0,10,1.0,1.0,0.0005083884087442806,1.0,0.0,0.9964458182805371,"19,12,23,14,13,3,24,10,8,21",0.01728520589730554,0.9994916115912558,0.0,0.9827147941026945,inf,expansion
wd_low_GF,add,53,0.0016,1.5223,42,G<F,,14000.0,21500.0,pre_known_events,7000,0.021352313458919525,1,0.021352313167259787,0.057447890188103715,0.00864260294865277,0.021352313167259784,0.0014734495929018248,0.12020774435806685,24,0.014743263853584139,0.012709710218607017,3.469446951953614e-18,0.0066090493136756485,inf,expansion
wd_low_GF,add,53,0.0016,1.5223,42,G<F,,14000.0,21500.0,pre_known_events,7000,0.021352313458919525,3,0.021352313167259787,0.1235383833248602,0.006100660904931368,0.025114387391967464,0.002922238508022352,0.25166338959806056,"24,7,3",0.012709710218607015,0.01525165226232842,-0.0037620742247076767,0.008642602948652772,-4.054054054054054,expansion
wd_low_GF,add,53,0.0016,1.5223,42,G<F,,14000.0,21500.0,pre_known_events,7000,0.021352313458919525,5,0.021352313167259787,0.19522114895780376,0.0035587188612099642,0.03131672597864769,0.0020487485185165097,0.3594518910183795,"24,7,3,23,19",0.011692933401118455,0.017793594306049824,-0.0099644128113879,0.009659379766141332,-1.7857142857142858,expansion
wd_low_GF,add,53,0.0016,1.5223,42,G<F,,14000.0,21500.0,pre_known_events,7000,0.021352313458919525,10,0.021352313167259787,0.09659379766141332,0.003050330452465684,0.053177427554651754,0.0021230923251470365,0.5713545679113053,"24,7,3,23,19,9,12,4,8,6",0.019318759532282664,0.018301982714794104,-0.03182511438739197,0.0020335536349771234,-0.5750798722044729,expansion
wd_low_GF,add,53,0.0016,1.5223,42,G<F,,14000.0,21500.0,between_gen_F_partial,18000,0.9171326756477356,1,0.9171326893746823,0.08693441789527198,0.7651245551601423,0.88978139298424,0.012236857251310943,0.24206821522887362,19,0.4677173360447382,0.15200813421453996,0.027351296390442315,0.4494153533299441,5.557620817843865,expansion
wd_low_GF,add,53,0.0016,1.5223,42,G<F,,14000.0,21500.0,between_gen_F_partial,18000,0.9171326756477356,3,0.9171326893746823,0.547025927808846,0.36603965429588203,0.8857142857142858,0.01332482042982276,0.5655805814589828,"19,24,7",0.21657346212506354,0.5510930350788003,0.0314184036603965,0.7005592272496187,17.54045307443368,expansion
wd_low_GF,add,53,0.0016,1.5223,42,G<F,,14000.0,21500.0,between_gen_F_partial,18000,0.9171326756477356,5,0.9171326893746823,0.9359430604982206,0.05287239450940519,0.9073716319267922,0.005870950699848338,0.8025106795784633,"19,24,7,23,21",0.06507371631926792,0.8642602948652771,0.009761057447890131,0.8520589730554143,88.54166666666718,expansion
wd_low_GF,add,53,0.0016,1.5223,42,G<F,,14000.0,21500.0,between_gen_F_partial,18000,0.9171326756477356,10,0.9171326893746823,0.9486527707168276,0.013726487036095577,0.9370615149974582,0.0018582274410266413,0.9709480599808366,"19,24,7,23,21,3,9,15,1,8",0.017793594306049824,0.9034062023385867,-0.01992882562277587,0.8993390950686324,-45.33163265306107,expansion
wd_low_GF,add,53,0.0016,1.5223,42,G<F,,14000.0,21500.0,post_known_events,23500,0.9898322224617004,1,0.9898322318251144,0.11489578037620743,0.9791560752414845,0.987290289781393,0.0017902203214701744,0.22891700678648091,24,0.7000508388408744,0.010676156583629859,0.002541942043721379,0.28978139298424,4.200000000000026,expansion
wd_low_GF,add,53,0.0016,1.5223,42,G<F,,14000.0,21500.0,post_known_events,23500,0.9898322224617004,3,0.9898322318251144,0.8154550076258261,0.800711743772242,0.9885104219623793,0.0005184564833343095,0.5505651634750559,"24,7,19",0.3431621759023894,0.1891204880528724,0.0013218098627351127,0.646670055922725,143.0769230769249,expansion
wd_low_GF,add,53,0.0016,1.5223,42,G<F,,14000.0,21500.0,post_known_events,23500,0.9898322224617004,5,0.9898322318251144,0.9898322318251144,0.24809354346720894,0.9891204880528723,0.0016268429079816878,0.8017775750082775,"24,7,19,9,3",0.11947127605490594,0.7417386883579055,0.000711743772242035,0.8703609557702084,1042.1428571427955,expansion
wd_low_GF,add,53,0.0016,1.5223,42,G<F,,14000.0,21500.0,post_known_events,23500,0.9898322224617004,10,0.9898322318251144,0.9913573970513472,0.001525165226232842,0.9915607524148449,0.0004067107269954351,0.988608495444958,"24,7,19,9,3,23,21,11,1,8",0.020843924758515507,0.9883070665988816,-0.0017285205897304978,0.9689883070665989,-571.7647058823716,expansion
