label,task,prime,lr,wd,seed,ordering,tau_circ,tau_gen,tau_F,regime,step,saved_test_acc,base_acc,acc_I1_keep_fourier,acc_I2_remove_fourier,acc_I3_random_ctrl_mean,acc_I3_random_ctrl_std,frac_logit_energy_in_topK_fourier,top_k_harmonics,acc_I4_remove_emb_fourier,source
canonical_GF,add,53,0.0016,1.7145,7,C<G<F,9500.0,11000.0,26000.0,pre_all,5000,0.008134214207530022,0.00813421453990849,0.0498220640569395,0.004575495678698526,0.012201321809862735,0.0007875919361885949,0.2062878248119015,"12,5,14",0.012201321809862735,original
canonical_GF,add,53,0.0016,1.7145,7,C<G<F,9500.0,11000.0,26000.0,between_circ_gen,10000,0.11896288394927979,0.11896288764616167,0.5088967971530249,0.018301982714794104,0.130045754956787,0.007425952063654387,0.3051065096094281,"12,5,1",0.02440264361972547,original
canonical_GF,add,53,0.0016,1.7145,7,C<G<F,9500.0,11000.0,26000.0,between_gen_F,18500,0.9913573861122131,0.9913573970513472,0.9928825622775801,0.2730045754956787,0.988002033553635,0.0018637826924070222,0.6667237671476595,"1,9,12",0.08286731062531774,original
canonical_GF,add,53,0.0016,1.7145,7,C<G<F,9500.0,11000.0,26000.0,post_all,30000,1.0,1.0,1.0,0.9079816980172852,1.0,0.0,0.6345569154534457,"1,9,12",0.10421962379257753,original
coincident,add,53,0.0016,3.1075,2025,C<G<F,8000.0,9500.0,19500.0,pre_all,4000,0.0289781391620636,0.028978139298423997,0.23995932892730046,0.0020335536349771225,0.03934926283680732,0.001971603399050871,0.337613430100218,"15,22,4",0.009659379766141332,original
coincident,add,53,0.0016,3.1075,2025,C<G<F,8000.0,9500.0,19500.0,between_circ_gen,9000,0.6232841610908508,0.6232841891204881,0.9150991357397051,0.041179461108286734,0.6139298423995933,0.018783145771132995,0.5844828096510767,"15,4,22",0.03507880020335536,original
coincident,add,53,0.0016,3.1075,2025,C<G<F,8000.0,9500.0,19500.0,between_gen_F,14500,0.9938993453979492,0.9938993390950687,0.9781392984239959,0.8286731062531775,0.9929842399593289,0.0005928776710569926,0.5920493802491991,"15,4,22",0.12963904422979156,original
coincident,add,53,0.0016,3.1075,2025,C<G<F,8000.0,9500.0,19500.0,post_all,22500,1.0,1.0,1.0,0.9984748347737672,1.0,0.0,0.5391191621576497,"22,15,4",0.03457041179461108,original
FG_slow,add,53,0.0005,2.5,42,C<F<G,31500.0,44500.0,42000.0,pre_all,16000,0.026436196640133858,0.026436197254702594,0.028469750889679714,0.020843924758515507,0.02358922216573462,0.0034118885074860225,0.1555577778979474,"6,7,23",0.01677681748856126,original
FG_slow,add,53,0.0005,2.5,42,C<F<G,31500.0,44500.0,42000.0,between_circ_F,37000,0.10574478656053543,0.10574478901881038,0.04931367564819522,0.08235892221657347,0.10025419420437214,0.0051384967029967565,0.218572398815134,"5,6,15",0.01728520589730554,original
FG_slow,add,53,0.0005,2.5,42,C<F<G,31500.0,44500.0,42000.0,between_F_gen,43000,0.22318251430988312,0.22318251143873918,0.17946110828673106,0.1128622267412303,0.21413319776309098,0.003890417177368373,0.22764455861901087,"5,6,12",0.01626842907981698,original
FG_slow,add,53,0.0005,2.5,42,C<F<G,31500.0,44500.0,42000.0,post_all,48000,0.5119471549987793,0.5119471276054905,0.7661413319776309,0.12302999491611591,0.5045246568378241,0.01059401425735118,0.28173404787038303,"12,5,23",0.018301982714794104,original
G_CF_boundary,add,53,0.002333,2.5,7,G<C<F,8000.0,6500.0,12000.0,pre_all,3000,0.04067107290029526,0.04067107269954245,0.27656329435688864,0.006100660904931368,0.04860193187595323,0.001594752124184863,0.3565216301363818,"12,10,6",0.012201321809862735,original
G_CF_boundary,add,53,0.002333,2.5,7,G<C<F,8000.0,6500.0,12000.0,between_gen_circ,7000,0.7976614236831665,0.7976614133197764,0.9359430604982206,0.11184544992374174,0.7915607524148449,0.015695951819355534,0.5720788856989575,"10,6,12",0.0630401626842908,original
G_CF_boundary,add,53,0.002333,2.5,7,G<C<F,8000.0,6500.0,12000.0,between_circ_F,10000,0.9984748363494873,0.9984748347737672,0.7559735638027453,0.5922724961870869,0.9889171326893746,0.003657571072415836,0.5387906269132807,"6,3,10",0.3670564311133706,original
G_CF_boundary,add,53,0.002333,2.5,7,G<C<F,8000.0,6500.0,12000.0,post_all,13500,1.0,1.0,0.9679715302491103,0.9405185561769192,0.9990849008642604,0.0008746644908025045,0.5454883858008894,"6,10,14",0.3462125063548551,original
strong_CGF,add,53,0.0016,2.7591,7,C<G<F,10000.0,12500.0,18500.0,pre_all,5000,0.010676156729459763,0.010676156583629894,0.07168276563294357,0.003050330452465684,0.013523131672597865,0.002287182893584544,0.20212338424399942,"12,24,5",0.004575495678698526,original
strong_CGF,add,53,0.0016,2.7591,7,C<G<F,10000.0,12500.0,18500.0,between_circ_gen,11000,0.9034062027931213,0.9034062023385867,0.9303507880020335,0.2841891204880529,0.8899847483477377,0.010530391847381715,0.5142969591861902,"9,5,11",0.02491103202846975,original
strong_CGF,add,53,0.0016,2.7591,7,C<G<F,10000.0,12500.0,18500.0,between_gen_F,15500,0.9959328770637512,0.9959328927300457,0.9730554143365532,0.8439247585155059,0.9944077275038129,0.00045471641637006964,0.49501642866049245,"9,11,12",0.14590747330960854,original
strong_CGF,add,53,0.0016,2.7591,7,C<G<F,10000.0,12500.0,18500.0,post_all,20500,1.0,1.0,0.974580579562786,0.9877986781901372,0.9989832231825115,0.00045471641637006964,0.4161308830356123,"9,16,5",0.03863751906456533,original
canonical_GF_s2025,add,53,0.0016,1.7145,2025,C<G<F,8000.0,16000.0,36000.0,pre_all,4000,0.018810370936989784,0.018810371123538384,0.1235383833248602,0.0035587188612099642,0.02023385866802237,0.0029539072793765024,0.23940307669972155,"22,15,4",0.01677681748856126,expansion
canonical_GF_s2025,add,53,0.0016,1.7145,2025,C<G<F,8000.0,16000.0,36000.0,between_circ_gen,12000,0.6441280841827393,0.6441281138790036,0.8688357905439756,0.062023385866802234,0.6223690899847483,0.012615410210051007,0.6133483752391297,"22,15,4",0.06456532791052363,expansion
canonical_GF_s2025,add,53,0.0016,1.7145,2025,C<G<F,8000.0,16000.0,36000.0,between_gen_F,26000,0.9893238544464111,0.9893238434163701,0.9730554143365532,0.3675648195221149,0.9849517031011693,0.002048748518516511,0.619051610722334,"5,3,15",0.03711235383833249,expansion
canonical_GF_s2025,add,53,0.0016,1.7145,2025,C<G<F,8000.0,16000.0,36000.0,post_all,43000,1.0,1.0,0.9883070665988816,0.8088459583121504,0.9991865785460092,0.000518456483334292,0.6168617899984327,"3,15,22",0.02389425521098119,expansion
canonical_GF_s42,add,53,0.0016,1.7145,42,C<G<F,11000.0,18000.0,32500.0,pre_all,5500,0.00864260271191597,0.00864260294865277,0.08185053380782918,0.006100660904931368,0.012201321809862735,0.001016776817488561,0.19555457600672033,"19,24,9",0.012709710218607015,expansion
canonical_GF_s42,add,53,0.0016,1.7145,42,C<G<F,11000.0,18000.0,32500.0,between_circ_gen,14500,0.9557701945304871,0.9557702084392475,0.8759532282663955,0.3802745297407219,0.938586680223691,0.0030739636924923056,0.5064918416202983,"7,24,9",0.13065582104728013,expansion
canonical_GF_s42,add,53,0.0016,1.7145,42,C<G<F,11000.0,18000.0,32500.0,between_gen_F,25000,0.982206404209137,0.9822064056939501,0.958312150482969,0.9211997966446365,0.9797661413319776,0.0008134214539908508,0.5489560311262819,"7,9,24",0.0711743772241993,expansion
canonical_GF_s42,add,53,0.0016,1.7145,42,C<G<F,11000.0,18000.0,32500.0,post_all,38000,0.9954245090484619,0.9954245043213015,0.9715302491103203,0.9816980172852059,0.9931875953228267,0.0010468358048792241,0.4960545105061604,"21,9,24",0.05185561769191662,expansion
lr_low_GF,add,53,0.0009259,2.5,42,G<F,,21500.0,29000.0,pre_known_events,11000,0.09150991588830948,0.09150991357397051,0.3177427554651754,0.01677681748856126,0.09832231825114388,0.004775604907297359,0.27689590434292133,"19,3,14",0.02541942043721403,expansion
lr_low_GF,add,53,0.0009259,2.5,42,G<F,,21500.0,29000.0,between_gen_F_partial,25000,0.8998475074768066,0.8998474834773768,0.43924758515505846,0.4107778342653787,0.8605998983223182,0.009158896207331839,0.49370061358904854,"24,7,19",0.019318759532282664,expansion
lr_low_GF,add,53,0.0009259,2.5,42,G<F,,21500.0,29000.0,post_known_events,31000,1.0,1.0,0.9064565327910523,0.9354346720894764,0.9995932892730046,0.00020335536349769257,0.5216727524809234,"19,24,7",0.022369089984748347,expansion
mul_GF,mul,53,0.0016,2.4497,42,G<F,,8500.0,14000.0,pre_known_events,4000,0.06354855000972748,0.06354855109303507,0.031011692933401117,0.062023385866802234,0.06283680732079308,0.002974832503981251,0.15505454545704775,"5,11,18",0.05083884087442806,expansion
mul_GF,mul,53,0.0016,2.4497,42,G<F,,8500.0,14000.0,between_gen_F_partial,11000,0.9755973815917969,0.9755973563802746,0.12201321809862735,0.9501779359430605,0.9478393492628368,0.007800739310144003,0.13562927462577595,"9,26,1",0.07727503812913065,expansion
mul_GF,mul,53,0.0016,2.4497,42,G<F,,8500.0,14000.0,post_known_events,15500,0.9944077134132385,0.9944077275038129,0.0813421453990849,0.9893238434163701,0.9865785460091508,0.00530870461909777,0.1290779671879898,"1,26,21",0.14641586171835283,expansion
p97_GF,add,97,0.0016,2.4497,42,G<F,,2500.0,30500.0,pre_known_events,1000,0.0034917262382805347,0.003491726127220282,0.023986640352208898,0.0022772126916654014,0.004250797024442083,0.0003184481093578721,0.13519618414116272,"45,23,9",0.006983452254440564,expansion
p97_GF,add,97,0.0016,2.4497,42,G<F,,2500.0,30500.0,between_gen_F_partial,16500,1.0,1.0,0.9992409291027782,0.996204645513891,1.0,0.0,0.5495764180682206,"2,23,18",0.09230302110217094,expansion
p97_GF,add,97,0.0016,2.4497,42,G<F,,2500.0,30500.0,post_known_events,37500,1.0,1.0,0.9966600880522241,1.0,1.0,0.0,0.5418633230434153,"23,2,18",0.010323364202216486,expansion
wd_high_GF,add,53,0.0016,3.1075,42,G<F,,12000.0,24500.0,pre_known_events,6000,0.024402644485235214,0.02440264361972547,0.22928317234367057,0.005592272496187087,0.029384850025419417,0.002697813759312984,0.247469432413863,"3,19,14",0.020843924758515507,expansion
wd_high_GF,add,53,0.0016,3.1075,42,G<F,,12000.0,24500.0,between_gen_F_partial,18000,0.9857650995254517,0.9857651245551602,0.9562785968479919,0.5887137773258769,0.9779359430604982,0.002701643163311944,0.5172489231789584,"19,3,23",0.022369089984748347,expansion
wd_high_GF,add,53,0.0016,3.1075,42,G<F,,12000.0,24500.0,post_known_events,27500,1.0,1.0,0.99644128113879,0.9969496695475343,1.0,0.0,0.5312777601711132,"19,12,23",0.01728520589730554,expansion
wd_low_GF,add,53,0.0016,1.5223,42,G<F,,14000.0,21500.0,pre_known_events,7000,0.021352313458919525,0.021352313167259787,0.1235383833248602,0.006100660904931368,0.025012709710218607,0.0015217721959426304,0.25166338959806056,"24,7,3",0.012709710218607015,expansion
wd_low_GF,add,53,0.0016,1.5223,42,G<F,,14000.0,21500.0,between_gen_F_partial,18000,0.9171326756477356,0.9171326893746823,0.547025927808846,0.36603965429588203,0.8865277071682766,0.007911281612171596,0.5655805814589828,"19,24,7",0.21657346212506354,expansion
wd_low_GF,add,53,0.0016,1.5223,42,G<F,,14000.0,21500.0,post_known_events,23500,0.9898322224617004,0.9898322318251144,0.8154550076258261,0.800711743772242,0.9881037112353839,0.0004067107269954296,0.5505651634750559,"24,7,19",0.3431621759023894,expansion
