label,task,prime,lr,wd,seed,ordering,tau_circ,tau_gen,tau_F,regime,step,saved_test_acc,site,K,top_harmonics,base_acc,acc_ablate_fourier,acc_random_ctrl_mean,acc_random_ctrl_std,frac_energy_removed
canonical_GF,add,53,0.0016,1.7145,7,C<G<F,9500.0,11000.0,26000.0,pre_all,5000,0.008134214207530022,embed,3,"18,21,23",0.00813421453990849,0.018301982714794104,0.011692933401118455,0.00227358208185032,0.1288339045806846
canonical_GF,add,53,0.0016,1.7145,7,C<G<F,9500.0,11000.0,26000.0,pre_all,5000,0.008134214207530022,attn_L0,3,"5,1,14",0.00813421453990849,0.010167768174885612,0.01077783426537875,0.001487416251990625,0.20722897046916228
canonical_GF,add,53,0.0016,1.7145,7,C<G<F,9500.0,11000.0,26000.0,pre_all,5000,0.008134214207530022,mlp_L0,3,"21,22,23",0.00813421453990849,0.004067107269954245,0.005388917132689375,0.0005184564833342943,0.1617866050207795
canonical_GF,add,53,0.0016,1.7145,7,C<G<F,9500.0,11000.0,26000.0,pre_all,5000,0.008134214207530022,attn_L1,3,"12,5,24",0.00813421453990849,0.0066090493136756485,0.01026944585663447,0.0007471753155413862,0.27805655324146017
canonical_GF,add,53,0.0016,1.7145,7,C<G<F,9500.0,11000.0,26000.0,pre_all,5000,0.008134214207530022,mlp_L1,3,"12,5,24",0.00813421453990849,0.005083884087442806,0.009557702084392477,0.0006744534398282462,0.2586869482350969
canonical_GF,add,53,0.0016,1.7145,7,C<G<F,9500.0,11000.0,26000.0,pre_all,5000,0.008134214207530022,resid_final,3,"12,5,1",0.00813421453990849,0.0071174377224199285,0.011591255719369599,0.0014874162519906244,0.22161885675413578
canonical_GF,add,53,0.0016,1.7145,7,C<G<F,9500.0,11000.0,26000.0,between_circ_gen,10000,0.11896288394927979,embed,3,"14,18,22",0.11896288764616167,0.06659888154550077,0.04544992374173869,0.004945759636813547,0.13331563429736595
canonical_GF,add,53,0.0016,1.7145,7,C<G<F,9500.0,11000.0,26000.0,between_circ_gen,10000,0.11896288394927979,attn_L0,3,"5,12,1",0.11896288764616167,0.09405185561769192,0.08774783934926282,0.0035456219164540326,0.2398233593091173
canonical_GF,add,53,0.0016,1.7145,7,C<G<F,9500.0,11000.0,26000.0,between_circ_gen,10000,0.11896288394927979,mlp_L0,3,"21,23,18",0.11896288764616167,0.011692933401118455,0.013828164717844432,0.0014874162519906246,0.16536117853955834
canonical_GF,add,53,0.0016,1.7145,7,C<G<F,9500.0,11000.0,26000.0,between_circ_gen,10000,0.11896288394927979,attn_L1,3,"12,1,5",0.11896288764616167,0.014743263853584139,0.04239959328927301,0.004485357397074281,0.3716475715649032
canonical_GF,add,53,0.0016,1.7145,7,C<G<F,9500.0,11000.0,26000.0,between_circ_gen,10000,0.11896288394927979,mlp_L1,3,"5,24,12",0.11896288764616167,0.022369089984748347,0.048500254194204374,0.003240951184648546,0.24892403878612215
canonical_GF,add,53,0.0016,1.7145,7,C<G<F,9500.0,11000.0,26000.0,between_circ_gen,10000,0.11896288394927979,resid_final,3,"12,5,1",0.11896288764616167,0.0315200813421454,0.11408235892221656,0.005509391839001145,0.3701870581678668
canonical_GF,add,53,0.0016,1.7145,7,C<G<F,9500.0,11000.0,26000.0,between_gen_F,18500,0.9913573861122131,embed,3,"14,22,18",0.9913573970513472,0.44687341128622265,0.20925266903914594,0.007293912123827539,0.16154570368653115
canonical_GF,add,53,0.0016,1.7145,7,C<G<F,9500.0,11000.0,26000.0,between_gen_F,18500,0.9913573861122131,attn_L0,3,"22,14,5",0.9913573970513472,0.971021860701576,0.9769191662430098,0.0017493289816050295,0.30931949102845246
canonical_GF,add,53,0.0016,1.7145,7,C<G<F,9500.0,11000.0,26000.0,between_gen_F,18500,0.9913573861122131,mlp_L0,3,"14,22,21",0.9913573970513472,0.03965429588205389,0.040671072699542454,0.005234179024396036,0.18141614759091357
canonical_GF,add,53,0.0016,1.7145,7,C<G<F,9500.0,11000.0,26000.0,between_gen_F,18500,0.9913573861122131,attn_L1,3,"1,12,24",0.9913573970513472,0.1392984239959329,0.21362480935434675,0.013574636923866712,0.7270714545755447
canonical_GF,add,53,0.0016,1.7145,7,C<G<F,9500.0,11000.0,26000.0,between_gen_F,18500,0.9913573861122131,mlp_L1,3,"5,9,1",0.9913573970513472,0.13116420945602442,0.4203355363497712,0.013355819239727932,0.483050686012132
canonical_GF,add,53,0.0016,1.7145,7,C<G<F,9500.0,11000.0,26000.0,between_gen_F,18500,0.9913573861122131,resid_final,3,"1,9,12",0.9913573970513472,0.2669039145907473,0.780172852058973,0.009691968679038085,0.5228294721374923
canonical_GF,add,53,0.0016,1.7145,7,C<G<F,9500.0,11000.0,26000.0,post_all,30000,1.0,embed,3,"22,14,18",1.0,0.7158108795119471,0.25968479918657855,0.006521654381626665,0.3275599103565757
canonical_GF,add,53,0.0016,1.7145,7,C<G<F,9500.0,11000.0,26000.0,post_all,30000,1.0,attn_L0,3,"14,22,9",1.0,0.9989832231825114,0.9926792069140824,0.0011857553421139547,0.8781282310846136
canonical_GF,add,53,0.0016,1.7145,7,C<G<F,9500.0,11000.0,26000.0,post_all,30000,1.0,mlp_L0,3,"22,14,23",1.0,0.06863243518047789,0.10208439247585155,0.00382340532322586,0.3251501958252664
canonical_GF,add,53,0.0016,1.7145,7,C<G<F,9500.0,11000.0,26000.0,post_all,30000,1.0,attn_L1,3,"1,12,24",1.0,0.2440264361972547,0.5544483985765125,0.0050594225946618155,0.859201244471777
canonical_GF,add,53,0.0016,1.7145,7,C<G<F,9500.0,11000.0,26000.0,post_all,30000,1.0,mlp_L1,3,"24,9,5",1.0,0.38993390950686324,0.9495678698525675,0.00584447701604469,0.6142775334306011
canonical_GF,add,53,0.0016,1.7145,7,C<G<F,9500.0,11000.0,26000.0,post_all,30000,1.0,resid_final,3,"1,9,12",1.0,0.7595322826639552,0.8622267412303,0.0031503677447543765,0.5084072091415384
coincident,add,53,0.0016,3.1075,2025,C<G<F,8000.0,9500.0,19500.0,pre_all,4000,0.0289781391620636,embed,3,"25,1,5",0.028978139298423997,0.03762074224707677,0.025521098118962887,0.0029009339334391676,0.13087690764797363
coincident,add,53,0.0016,3.1075,2025,C<G<F,8000.0,9500.0,19500.0,pre_all,4000,0.0289781391620636,attn_L0,3,"4,22,5",0.028978139298423997,0.026436197254702594,0.022267412302999494,0.002236908998474835,0.24942426486047617
coincident,add,53,0.0016,3.1075,2025,C<G<F,8000.0,9500.0,19500.0,pre_all,4000,0.0289781391620636,mlp_L0,3,"23,25,12",0.028978139298423997,0.007625826131164209,0.006914082358922216,0.0008260333914220599,0.1612350272164909
coincident,add,53,0.0016,3.1075,2025,C<G<F,8000.0,9500.0,19500.0,pre_all,4000,0.0289781391620636,attn_L1,3,"15,22,4",0.028978139298423997,0.010676156583629894,0.017996949669547534,0.0010468358048792068,0.3280640689375177
coincident,add,53,0.0016,3.1075,2025,C<G<F,8000.0,9500.0,19500.0,pre_all,4000,0.0289781391620636,mlp_L1,3,"15,4,22",0.028978139298423997,0.005083884087442806,0.024809354346720897,0.0023275085190156784,0.2766470231633083
coincident,add,53,0.0016,3.1075,2025,C<G<F,8000.0,9500.0,19500.0,pre_all,4000,0.0289781391620636,resid_final,3,"15,4,22",0.028978139298423997,0.004067107269954245,0.045754956786985254,0.002612146940247102,0.3052117098231981
coincident,add,53,0.0016,3.1075,2025,C<G<F,8000.0,9500.0,19500.0,between_circ_gen,9000,0.6232841610908508,embed,3,"25,1,5",0.6232841891204881,0.22114895780376206,0.11977630910015251,0.004599159279267368,0.14452980666364496
coincident,add,53,0.0016,3.1075,2025,C<G<F,8000.0,9500.0,19500.0,between_circ_gen,9000,0.6232841610908508,attn_L0,3,"5,22,25",0.6232841891204881,0.5083884087442806,0.5101169293340112,0.006289239285894089,0.27917195998214944
coincident,add,53,0.0016,3.1075,2025,C<G<F,8000.0,9500.0,19500.0,between_circ_gen,9000,0.6232841610908508,mlp_L0,3,"25,1,18",0.6232841891204881,0.020843924758515507,0.0224707676664972,0.002457152206119892,0.16462715032919786
coincident,add,53,0.0016,3.1075,2025,C<G<F,8000.0,9500.0,19500.0,between_circ_gen,9000,0.6232841610908508,attn_L1,3,"15,5,4",0.6232841891204881,0.03965429588205389,0.1661413319776309,0.010976481319424993,0.5006133596039823
coincident,add,53,0.0016,3.1075,2025,C<G<F,8000.0,9500.0,19500.0,between_circ_gen,9000,0.6232841610908508,mlp_L1,3,"4,15,22",0.6232841891204881,0.044738179969496694,0.2661921708185053,0.0025842938540190934,0.4351322237551121
coincident,add,53,0.0016,3.1075,2025,C<G<F,8000.0,9500.0,19500.0,between_circ_gen,9000,0.6232841610908508,resid_final,3,"5,15,4",0.6232841891204881,0.06456532791052363,0.5086934417895271,0.0077408708940210555,0.4407264661614572
coincident,add,53,0.0016,3.1075,2025,C<G<F,8000.0,9500.0,19500.0,between_gen_F,14500,0.9938993453979492,embed,3,"25,14,1",0.9938993390950687,0.8291814946619217,0.35953228266395526,0.004354369721477141,0.22298935826190502
coincident,add,53,0.0016,3.1075,2025,C<G<F,8000.0,9500.0,19500.0,between_gen_F,14500,0.9938993453979492,attn_L0,3,"25,14,17",0.9938993390950687,0.9064565327910523,0.9538383324860193,0.003685728309179835,0.7713826157594563
coincident,add,53,0.0016,3.1075,2025,C<G<F,8000.0,9500.0,19500.0,between_gen_F,14500,0.9938993453979492,mlp_L0,3,"25,14,1",0.9938993390950687,0.06659888154550077,0.08530757498729029,0.00535523907768732,0.23338084413774973
coincident,add,53,0.0016,3.1075,2025,C<G<F,8000.0,9500.0,19500.0,between_gen_F,14500,0.9938993453979492,attn_L1,3,"2,22,4",0.9938993390950687,0.22979156075241486,0.48744280630401626,0.005923543127048092,0.6766912154984963
coincident,add,53,0.0016,3.1075,2025,C<G<F,8000.0,9500.0,19500.0,between_gen_F,14500,0.9938993453979492,mlp_L1,3,"4,15,22",0.9938993390950687,0.47127605490594815,0.9200813421453992,0.005600585400679395,0.5889332239511142
coincident,add,53,0.0016,3.1075,2025,C<G<F,8000.0,9500.0,19500.0,between_gen_F,14500,0.9938993453979492,resid_final,3,"25,15,4",0.9938993390950687,0.6893746822572445,0.8396542958820538,0.005666649636234968,0.5105774352796083
coincident,add,53,0.0016,3.1075,2025,C<G<F,8000.0,9500.0,19500.0,post_all,22500,1.0,embed,3,"25,14,2",1.0,0.7000508388408744,0.3115404168784952,0.004366224820250918,0.42232254211715387
coincident,add,53,0.0016,3.1075,2025,C<G<F,8000.0,9500.0,19500.0,post_all,22500,1.0,attn_L0,3,"25,14,3",1.0,0.7737671581087952,0.7479410269445855,0.005628206406953964,0.9829860747870893
coincident,add,53,0.0016,3.1075,2025,C<G<F,8000.0,9500.0,19500.0,post_all,22500,1.0,mlp_L0,3,"14,25,11",1.0,0.07930859176410777,0.11459074733096086,0.0029398743863347145,0.39772221854535755
coincident,add,53,0.0016,3.1075,2025,C<G<F,8000.0,9500.0,19500.0,post_all,22500,1.0,attn_L1,3,"2,15,5",1.0,0.17793594306049823,0.7925775292323336,0.00195580925893964,0.8301081201253637
coincident,add,53,0.0016,3.1075,2025,C<G<F,8000.0,9500.0,19500.0,post_all,22500,1.0,mlp_L1,3,"4,22,5",1.0,0.7086934417895272,0.9996949669547535,0.000406710726995424,0.5613940722846734
coincident,add,53,0.0016,3.1075,2025,C<G<F,8000.0,9500.0,19500.0,post_all,22500,1.0,resid_final,3,"25,14,22",1.0,0.9572953736654805,0.7177427554651754,0.009969599098529966,0.5853684078235941
FG_slow,add,53,0.0005,2.5,42,C<F<G,31500.0,44500.0,42000.0,pre_all,16000,0.026436196640133858,embed,3,"26,9,24",0.026436197254702594,0.018810371123538384,0.01637010676156584,0.0025601786094589067,0.13874068496333195
FG_slow,add,53,0.0005,2.5,42,C<F<G,31500.0,44500.0,42000.0,pre_all,16000,0.026436196640133858,attn_L0,3,"25,24,7",0.026436197254702594,0.014743263853584139,0.014336553126588714,0.0022136798227836547,0.2280147073142422
FG_slow,add,53,0.0005,2.5,42,C<F<G,31500.0,44500.0,42000.0,pre_all,16000,0.026436196640133858,mlp_L0,3,"26,9,11",0.026436197254702594,0.012709710218607015,0.010472801220132182,0.0012285761030599463,0.1482170896515183
FG_slow,add,53,0.0005,2.5,42,C<F<G,31500.0,44500.0,42000.0,pre_all,16000,0.026436196640133858,attn_L1,3,"14,23,5",0.026436197254702594,0.007625826131164209,0.011489578037620744,0.0017195256253470016,0.19220257223145684
FG_slow,add,53,0.0005,2.5,42,C<F<G,31500.0,44500.0,42000.0,pre_all,16000,0.026436196640133858,mlp_L1,3,"7,5,14",0.026436197254702594,0.021352313167259787,0.01708185053380783,0.00415014369739879,0.1594308009667112
FG_slow,add,53,0.0005,2.5,42,C<F<G,31500.0,44500.0,42000.0,pre_all,16000,0.026436196640133858,resid_final,3,"7,3,25",0.026436197254702594,0.02541942043721403,0.022165734621250634,0.0014593492724359256,0.2729999178668199
FG_slow,add,53,0.0005,2.5,42,C<F<G,31500.0,44500.0,42000.0,between_circ_F,37000,0.10574478656053543,embed,3,"25,7,24",0.10574478901881038,0.04880528723945094,0.030299949161159124,0.003984935016220727,0.15707640578940665
FG_slow,add,53,0.0005,2.5,42,C<F<G,31500.0,44500.0,42000.0,between_circ_F,37000,0.10574478656053543,attn_L0,3,"3,24,7",0.10574478901881038,0.06354855109303507,0.05734621250635487,0.005637383335283828,0.20777862755844712
FG_slow,add,53,0.0005,2.5,42,C<F<G,31500.0,44500.0,42000.0,between_circ_F,37000,0.10574478656053543,mlp_L0,3,"16,18,8",0.10574478901881038,0.018301982714794104,0.018505338078291817,0.0023096729418608125,0.16982238861611468
FG_slow,add,53,0.0005,2.5,42,C<F<G,31500.0,44500.0,42000.0,between_circ_F,37000,0.10574478656053543,attn_L1,3,"5,7,23",0.10574478901881038,0.02541942043721403,0.0588713777325877,0.005764326500481289,0.27074214026589294
FG_slow,add,53,0.0005,2.5,42,C<F<G,31500.0,44500.0,42000.0,between_circ_F,37000,0.10574478656053543,mlp_L1,3,"7,5,12",0.10574478901881038,0.06253177427554651,0.08408744280630401,0.004786416795501705,0.2965717091293343
FG_slow,add,53,0.0005,2.5,42,C<F<G,31500.0,44500.0,42000.0,between_circ_F,37000,0.10574478656053543,resid_final,3,"7,12,5",0.10574478901881038,0.05287239450940519,0.09303507880020337,0.004637215760443879,0.45817472053754726
FG_slow,add,53,0.0005,2.5,42,C<F<G,31500.0,44500.0,42000.0,between_F_gen,43000,0.22318251430988312,embed,3,"7,3,25",0.22318251143873918,0.11184544992374174,0.06558210472801221,0.003199213568388875,0.17261248809373309
FG_slow,add,53,0.0005,2.5,42,C<F<G,31500.0,44500.0,42000.0,between_F_gen,43000,0.22318251430988312,attn_L0,3,"3,7,25",0.22318251143873918,0.14743263853584138,0.11784443314692424,0.004922712124823672,0.204351693985557
FG_slow,add,53,0.0005,2.5,42,C<F<G,31500.0,44500.0,42000.0,between_F_gen,43000,0.22318251430988312,mlp_L0,3,"6,16,9",0.22318251143873918,0.04778851042196238,0.046873411286222674,0.0039300758698703996,0.1741993985142209
FG_slow,add,53,0.0005,2.5,42,C<F<G,31500.0,44500.0,42000.0,between_F_gen,43000,0.22318251430988312,attn_L1,3,"23,5,12",0.22318251143873918,0.05693950177935943,0.11194712760549061,0.002754695919500572,0.2929500148061874
FG_slow,add,53,0.0005,2.5,42,C<F<G,31500.0,44500.0,42000.0,between_F_gen,43000,0.22318251430988312,mlp_L1,3,"7,12,5",0.22318251143873918,0.10218607015760041,0.16949669547534313,0.00587271136886371,0.35980824140350504
FG_slow,add,53,0.0005,2.5,42,C<F<G,31500.0,44500.0,42000.0,between_F_gen,43000,0.22318251430988312,resid_final,3,"7,12,5",0.22318251143873918,0.10269445856634468,0.18607015760040674,0.005399458280570107,0.4340260143261126
FG_slow,add,53,0.0005,2.5,42,C<F<G,31500.0,44500.0,42000.0,post_all,48000,0.5119471549987793,embed,3,"7,3,15",0.5119471276054905,0.3492628368073208,0.2507371631926792,0.002305192485766066,0.20617798914566038
FG_slow,add,53,0.0005,2.5,42,C<F<G,31500.0,44500.0,42000.0,post_all,48000,0.5119471549987793,attn_L0,3,"3,15,7",0.5119471276054905,0.3807829181494662,0.3826131164209456,0.0025030063294542186,0.21414236343616924
FG_slow,add,53,0.0005,2.5,42,C<F<G,31500.0,44500.0,42000.0,post_all,48000,0.5119471549987793,mlp_L0,3,"6,1,3",0.5119471276054905,0.24860193187595322,0.24585663446873413,0.008188683921383179,0.19483365589334417
FG_slow,add,53,0.0005,2.5,42,C<F<G,31500.0,44500.0,42000.0,post_all,48000,0.5119471549987793,attn_L1,3,"23,12,3",0.5119471276054905,0.19572953736654805,0.3313675648195221,0.005906064354431153,0.2959140753833515
FG_slow,add,53,0.0005,2.5,42,C<F<G,31500.0,44500.0,42000.0,post_all,48000,0.5119471549987793,mlp_L1,3,"7,3,12",0.5119471276054905,0.25012709710218606,0.38434163701067614,0.005954875633694473,0.39639689330237143
FG_slow,add,53,0.0005,2.5,42,C<F<G,31500.0,44500.0,42000.0,post_all,48000,0.5119471549987793,resid_final,3,"7,3,12",0.5119471276054905,0.2974072191154042,0.4027452974072191,0.009948837728437266,0.4630402659215829
G_CF_boundary,add,53,0.002333,2.5,7,G<C<F,8000.0,6500.0,12000.0,pre_all,3000,0.04067107290029526,embed,3,"18,23,21",0.04067107269954245,0.042704626334519574,0.03304524656837824,0.004725551617131571,0.128566831833563
G_CF_boundary,add,53,0.002333,2.5,7,G<C<F,8000.0,6500.0,12000.0,pre_all,3000,0.04067107290029526,attn_L0,3,"12,10,5",0.04067107269954245,0.0340620233858668,0.034672089476359934,0.002659216437340523,0.23902508113717658
G_CF_boundary,add,53,0.002333,2.5,7,G<C<F,8000.0,6500.0,12000.0,pre_all,3000,0.04067107290029526,mlp_L0,3,"18,23,21",0.04067107269954245,0.00813421453990849,0.008337569903406204,0.0014234875444839856,0.15689291886310663
G_CF_boundary,add,53,0.002333,2.5,7,G<C<F,8000.0,6500.0,12000.0,pre_all,3000,0.04067107290029526,attn_L1,3,"12,10,24",0.04067107269954245,0.012201321809862735,0.024097610574478904,0.0035456219164540304,0.38077473319790495
G_CF_boundary,add,53,0.002333,2.5,7,G<C<F,8000.0,6500.0,12000.0,pre_all,3000,0.04067107290029526,mlp_L1,3,"10,12,24",0.04067107269954245,0.004067107269954245,0.030503304524656837,0.003215330615321179,0.27257231047393765
G_CF_boundary,add,53,0.002333,2.5,7,G<C<F,8000.0,6500.0,12000.0,pre_all,3000,0.04067107290029526,resid_final,3,"12,10,6",0.04067107269954245,0.010167768174885612,0.052465683782409754,0.004110093122807877,0.371599844529552
G_CF_boundary,add,53,0.002333,2.5,7,G<C<F,8000.0,6500.0,12000.0,between_gen_circ,7000,0.7976614236831665,embed,3,"14,18,23",0.7976614133197764,0.4875444839857651,0.1916624300965938,0.0064065008650832185,0.13750052147354697
G_CF_boundary,add,53,0.002333,2.5,7,G<C<F,8000.0,6500.0,12000.0,between_gen_circ,7000,0.7976614236831665,attn_L0,3,"3,5,14",0.7976614133197764,0.5973563802745298,0.6390442297915607,0.0067979724048588906,0.3344759907961384
G_CF_boundary,add,53,0.002333,2.5,7,G<C<F,8000.0,6500.0,12000.0,between_gen_circ,7000,0.7976614236831665,mlp_L0,3,"18,14,23",0.7976614133197764,0.042196237925775294,0.046873411286222674,0.0023496126097186255,0.16352128183905387
G_CF_boundary,add,53,0.002333,2.5,7,G<C<F,8000.0,6500.0,12000.0,between_gen_circ,7000,0.7976614236831665,attn_L1,3,"6,12,10",0.7976614133197764,0.0945602440264362,0.22572445348246056,0.01039402557206958,0.666435364253647
G_CF_boundary,add,53,0.002333,2.5,7,G<C<F,8000.0,6500.0,12000.0,between_gen_circ,7000,0.7976614236831665,mlp_L1,3,"10,5,24",0.7976614133197764,0.08439247585155059,0.2830706659888155,0.008930287752942133,0.5406258256706774
G_CF_boundary,add,53,0.002333,2.5,7,G<C<F,8000.0,6500.0,12000.0,between_gen_circ,7000,0.7976614236831665,resid_final,3,"12,10,6",0.7976614133197764,0.1362480935434672,0.6307066598881546,0.004850782081088579,0.39605273097806143
G_CF_boundary,add,53,0.002333,2.5,7,G<C<F,8000.0,6500.0,12000.0,between_circ_F,10000,0.9984748363494873,embed,3,"3,14,18",0.9984748347737672,0.7513980681240467,0.6493136756481953,0.005277453694910426,0.1844288422728224
G_CF_boundary,add,53,0.002333,2.5,7,G<C<F,8000.0,6500.0,12000.0,between_circ_F,10000,0.9984748363494873,attn_L0,3,"3,14,6",0.9984748347737672,0.684799186578546,0.80711743772242,0.003716454882053297,0.9412424083445934
G_CF_boundary,add,53,0.002333,2.5,7,G<C<F,8000.0,6500.0,12000.0,between_circ_F,10000,0.9984748363494873,mlp_L0,3,"3,14,23",0.9984748347737672,0.44026436197254704,0.5400101677681749,0.0066082671313765,0.19552096475509376
G_CF_boundary,add,53,0.002333,2.5,7,G<C<F,8000.0,6500.0,12000.0,between_circ_F,10000,0.9984748363494873,attn_L1,3,"12,6,5",0.9984748347737672,0.3162175902389425,0.532994407727504,0.006198170067769469,0.5974483978965368
G_CF_boundary,add,53,0.002333,2.5,7,G<C<F,8000.0,6500.0,12000.0,between_circ_F,10000,0.9984748363494873,mlp_L1,3,"12,5,24",0.9984748347737672,0.47330960854092524,0.9091001525165225,0.004425023924146202,0.663913558906048
G_CF_boundary,add,53,0.002333,2.5,7,G<C<F,8000.0,6500.0,12000.0,between_circ_F,10000,0.9984748363494873,resid_final,3,"3,6,10",0.9984748347737672,0.4799186578546009,0.6628368073207931,0.006762903568201674,0.5113111831943926
G_CF_boundary,add,53,0.002333,2.5,7,G<C<F,8000.0,6500.0,12000.0,post_all,13500,1.0,embed,3,"3,14,23",1.0,0.7951194712760549,0.4794102694458566,0.011285764657253974,0.2667622491760971
G_CF_boundary,add,53,0.002333,2.5,7,G<C<F,8000.0,6500.0,12000.0,post_all,13500,1.0,attn_L0,3,"3,14,6",1.0,0.759023894255211,0.8790035587188612,0.004466880048091262,0.968764417100048
G_CF_boundary,add,53,0.002333,2.5,7,G<C<F,8000.0,6500.0,12000.0,post_all,13500,1.0,mlp_L0,3,"3,14,23",1.0,0.13777325876970006,0.2433146924250127,0.006239729941053889,0.26626120043567203
G_CF_boundary,add,53,0.002333,2.5,7,G<C<F,8000.0,6500.0,12000.0,post_all,13500,1.0,attn_L1,3,"6,10,12",1.0,0.20945602440264363,0.5868835790543976,0.003516342951863862,0.7317333747497211
G_CF_boundary,add,53,0.002333,2.5,7,G<C<F,8000.0,6500.0,12000.0,post_all,13500,1.0,mlp_L1,3,"12,5,24",1.0,0.518047788510422,0.9183528215556684,0.003288451780131427,0.651746212181186
G_CF_boundary,add,53,0.002333,2.5,7,G<C<F,8000.0,6500.0,12000.0,post_all,13500,1.0,resid_final,3,"3,6,10",1.0,0.7676664972038637,0.6209456024402644,0.018903847213850185,0.5902250798996032
strong_CGF,add,53,0.0016,2.7591,7,C<G<F,10000.0,12500.0,18500.0,pre_all,5000,0.010676156729459763,embed,3,"18,21,23",0.010676156583629894,0.012201321809862735,0.010981189628876462,0.001749328981605008,0.13069372547655614
strong_CGF,add,53,0.0016,2.7591,7,C<G<F,10000.0,12500.0,18500.0,pre_all,5000,0.010676156729459763,attn_L0,3,"1,14,5",0.010676156583629894,0.011692933401118455,0.00915099135739705,0.0013641492491101922,0.23248347572987962
strong_CGF,add,53,0.0016,2.7591,7,C<G<F,10000.0,12500.0,18500.0,pre_all,5000,0.010676156729459763,mlp_L0,3,"21,18,23",0.010676156583629894,0.009150991357397052,0.005388917132689375,0.002048748518516511,0.16257819044969626
strong_CGF,add,53,0.0016,2.7591,7,C<G<F,10000.0,12500.0,18500.0,pre_all,5000,0.010676156729459763,attn_L1,3,"12,24,5",0.010676156583629894,0.002541942043721403,0.006507371631926792,0.000874664490802504,0.30126225818214775
strong_CGF,add,53,0.0016,2.7591,7,C<G<F,10000.0,12500.0,18500.0,pre_all,5000,0.010676156729459763,mlp_L1,3,"12,24,5",0.010676156583629894,0.004067107269954245,0.01230299949161159,0.0016204755923242727,0.2352154712671011
strong_CGF,add,53,0.0016,2.7591,7,C<G<F,10000.0,12500.0,18500.0,pre_all,5000,0.010676156729459763,resid_final,3,"12,9,24",0.010676156583629894,0.005083884087442806,0.014336553126588714,0.0034540493648120034,0.22465297211204957
strong_CGF,add,53,0.0016,2.7591,7,C<G<F,10000.0,12500.0,18500.0,between_circ_gen,11000,0.9034062027931213,embed,3,"14,18,21",0.9034062023385867,0.19725470259278088,0.09395017793594304,0.002883059863499306,0.14484670800177865
strong_CGF,add,53,0.0016,2.7591,7,C<G<F,10000.0,12500.0,18500.0,between_circ_gen,11000,0.9034062027931213,attn_L0,3,"14,5,1",0.9034062023385867,0.7890188103711235,0.811286222674123,0.005773287063173718,0.2536859638578614
strong_CGF,add,53,0.0016,2.7591,7,C<G<F,10000.0,12500.0,18500.0,between_circ_gen,11000,0.9034062027931213,mlp_L0,3,"14,21,23",0.9034062023385867,0.02338586680223691,0.01962379257752923,0.0016268429079816984,0.16803640523848926
strong_CGF,add,53,0.0016,2.7591,7,C<G<F,10000.0,12500.0,18500.0,between_circ_gen,11000,0.9034062027931213,attn_L1,3,"12,11,1",0.9034062023385867,0.12201321809862735,0.16980172852058972,0.003790818888115352,0.500895489188766
strong_CGF,add,53,0.0016,2.7591,7,C<G<F,10000.0,12500.0,18500.0,between_circ_gen,11000,0.9034062027931213,mlp_L1,3,"5,9,24",0.9034062023385867,0.09761057447890188,0.3358413828164718,0.010574478901881039,0.41477919873460084
strong_CGF,add,53,0.0016,2.7591,7,C<G<F,10000.0,12500.0,18500.0,between_circ_gen,11000,0.9034062027931213,resid_final,3,"9,5,11",0.9034062023385867,0.2841891204880529,0.7195729537366548,0.00667984451678974,0.40287563566195855
strong_CGF,add,53,0.0016,2.7591,7,C<G<F,10000.0,12500.0,18500.0,between_gen_F,15500,0.9959328770637512,embed,3,"14,16,21",0.9959328927300457,0.7864768683274022,0.3797661413319776,0.018262398587190223,0.19221294104152356
strong_CGF,add,53,0.0016,2.7591,7,C<G<F,10000.0,12500.0,18500.0,between_gen_F,15500,0.9959328770637512,attn_L0,3,"14,16,22",0.9959328927300457,0.8937468225724453,0.9545500762582613,0.0028324124610440444,0.6225948260125301
strong_CGF,add,53,0.0016,2.7591,7,C<G<F,10000.0,12500.0,18500.0,between_gen_F,15500,0.9959328770637512,mlp_L0,3,"14,16,21",0.9959328927300457,0.07422470767666497,0.0790035587188612,0.004010794697166447,0.2074498093127758
strong_CGF,add,53,0.0016,2.7591,7,C<G<F,10000.0,12500.0,18500.0,between_gen_F,15500,0.9959328770637512,attn_L1,3,"1,9,11",0.9959328927300457,0.26232841891204883,0.5339095068632436,0.010981189628876458,0.6034111301633002
strong_CGF,add,53,0.0016,2.7591,7,C<G<F,10000.0,12500.0,18500.0,between_gen_F,15500,0.9959328770637512,mlp_L1,3,"9,24,5",0.9959328927300457,0.4814438230808338,0.9195729537366548,0.0060015676922719795,0.522685087215442
strong_CGF,add,53,0.0016,2.7591,7,C<G<F,10000.0,12500.0,18500.0,between_gen_F,15500,0.9959328770637512,resid_final,3,"14,9,12",0.9959328927300457,0.8535841382816471,0.835993899339095,0.007827200509981804,0.4234095841954459
strong_CGF,add,53,0.0016,2.7591,7,C<G<F,10000.0,12500.0,18500.0,post_all,20500,1.0,embed,3,"14,16,18",1.0,0.4997458057956279,0.22104728012201322,0.011854937495802319,0.3142047662562962
strong_CGF,add,53,0.0016,2.7591,7,C<G<F,10000.0,12500.0,18500.0,post_all,20500,1.0,attn_L0,3,"14,16,9",1.0,0.7239450940518556,0.6696492119979665,0.006793408475237444,0.9431941484811188
strong_CGF,add,53,0.0016,2.7591,7,C<G<F,10000.0,12500.0,18500.0,post_all,20500,1.0,mlp_L0,3,"14,16,21",1.0,0.058464667005592275,0.05419420437214032,0.0035016116640005208,0.32077799034996035
strong_CGF,add,53,0.0016,2.7591,7,C<G<F,10000.0,12500.0,18500.0,post_all,20500,1.0,attn_L1,3,"1,9,24",1.0,0.15556685307574988,0.45592272496187086,0.009304480156773447,0.7592577793140857
strong_CGF,add,53,0.0016,2.7591,7,C<G<F,10000.0,12500.0,18500.0,post_all,20500,1.0,mlp_L1,3,"24,5,12",1.0,0.5673614641586172,0.9549567869852569,0.00461038497153214,0.5794129064101541
strong_CGF,add,53,0.0016,2.7591,7,C<G<F,10000.0,12500.0,18500.0,post_all,20500,1.0,resid_final,3,"14,16,9",1.0,0.8556176919166243,0.4722928317234367,0.003977144324475429,0.6234905956421447
canonical_GF_s2025,add,53,0.0016,1.7145,2025,C<G<F,8000.0,16000.0,36000.0,pre_all,4000,0.018810370936989784,embed,3,"25,1,5",0.018810371123538384,0.020335536349771224,0.020640569395017794,0.003716454882053292,0.12921232580649666
canonical_GF_s2025,add,53,0.0016,1.7145,2025,C<G<F,8000.0,16000.0,36000.0,pre_all,4000,0.018810370936989784,attn_L0,3,"4,22,1",0.018810371123538384,0.010167768174885612,0.01443823080833757,0.0027016431633119322,0.27189311418152123
canonical_GF_s2025,add,53,0.0016,1.7145,2025,C<G<F,8000.0,16000.0,36000.0,pre_all,4000,0.018810370936989784,mlp_L0,3,"23,17,25",0.018810371123538384,0.004575495678698526,0.006609049313675649,0.001245292192568977,0.16379547525814164
canonical_GF_s2025,add,53,0.0016,1.7145,2025,C<G<F,8000.0,16000.0,36000.0,pre_all,4000,0.018810370936989784,attn_L1,3,"22,4,15",0.018810371123538384,0.005592272496187087,0.008337569903406202,0.0010468358048792068,0.2589699019101629
canonical_GF_s2025,add,53,0.0016,1.7145,2025,C<G<F,8000.0,16000.0,36000.0,pre_all,4000,0.018810370936989784,mlp_L1,3,"22,4,15",0.018810371123538384,0.00864260294865277,0.013523131672597865,0.0020986037051906746,0.1979347938893456
canonical_GF_s2025,add,53,0.0016,1.7145,2025,C<G<F,8000.0,16000.0,36000.0,pre_all,4000,0.018810370936989784,resid_final,3,"22,4,15",0.018810371123538384,0.009659379766141332,0.02125063548551093,0.0027546959195005718,0.3092740122109474
canonical_GF_s2025,add,53,0.0016,1.7145,2025,C<G<F,8000.0,16000.0,36000.0,between_circ_gen,12000,0.6441280841827393,embed,3,"25,5,1",0.6441281138790036,0.5383833248601931,0.27097102186070154,0.007561156051887437,0.14411100491446385
canonical_GF_s2025,add,53,0.0016,1.7145,2025,C<G<F,8000.0,16000.0,36000.0,between_circ_gen,12000,0.6441280841827393,attn_L0,3,"5,4,1",0.6441281138790036,0.5582104728012202,0.5728520589730554,0.004147651866674327,0.3216913154441739
canonical_GF_s2025,add,53,0.0016,1.7145,2025,C<G<F,8000.0,16000.0,36000.0,between_circ_gen,12000,0.6441280841827393,mlp_L0,3,"25,17,18",0.6441281138790036,0.17641077783426537,0.17092018301982714,0.006238072862299126,0.16895797051655884
canonical_GF_s2025,add,53,0.0016,1.7145,2025,C<G<F,8000.0,16000.0,36000.0,between_circ_gen,12000,0.6441280841827393,attn_L1,3,"22,3,15",0.6441281138790036,0.05388917132689375,0.2837824097610574,0.0078060387260474795,0.5409357512344367
canonical_GF_s2025,add,53,0.0016,1.7145,2025,C<G<F,8000.0,16000.0,36000.0,between_circ_gen,12000,0.6441280841827393,mlp_L1,3,"22,15,4",0.6441281138790036,0.029486527707168277,0.39359430604982204,0.008212636708208905,0.49802961552105035
canonical_GF_s2025,add,53,0.0016,1.7145,2025,C<G<F,8000.0,16000.0,36000.0,between_circ_gen,12000,0.6441280841827393,resid_final,3,"22,15,4",0.6441281138790036,0.043213014743263854,0.5063548551093036,0.005144528984513882,0.40138252464075136
canonical_GF_s2025,add,53,0.0016,1.7145,2025,C<G<F,8000.0,16000.0,36000.0,between_gen_F,26000,0.9893238544464111,embed,3,"5,25,17",0.9893238434163701,0.48957803762074226,0.2062023385866802,0.007734190241275691,0.18100353433105543
canonical_GF_s2025,add,53,0.0016,1.7145,2025,C<G<F,8000.0,16000.0,36000.0,between_gen_F,26000,0.9893238544464111,attn_L0,3,"5,3,15",0.9893238434163701,0.8957803762074225,0.9618708693441789,0.0025112534896244796,0.3535578038933784
canonical_GF_s2025,add,53,0.0016,1.7145,2025,C<G<F,8000.0,16000.0,36000.0,between_gen_F,26000,0.9893238544464111,mlp_L0,3,"25,17,1",0.9893238434163701,0.03457041179461108,0.054295882053889175,0.004880528723945096,0.1891369480552857
canonical_GF_s2025,add,53,0.0016,1.7145,2025,C<G<F,8000.0,16000.0,36000.0,between_gen_F,26000,0.9893238544464111,attn_L1,3,"5,3,22",0.9893238434163701,0.15353329944077276,0.31570920183019824,0.010065576956392137,0.8722330304264126
canonical_GF_s2025,add,53,0.0016,1.7145,2025,C<G<F,8000.0,16000.0,36000.0,between_gen_F,26000,0.9893238544464111,mlp_L1,3,"22,15,3",0.9893238434163701,0.17132689374682258,0.4543975597356381,0.011296751936822492,0.5602128711003348
canonical_GF_s2025,add,53,0.0016,1.7145,2025,C<G<F,8000.0,16000.0,36000.0,between_gen_F,26000,0.9893238544464111,resid_final,3,"5,3,15",0.9893238434163701,0.35231316725978645,0.8415861718352822,0.0059340056782571935,0.5414232086923044
canonical_GF_s2025,add,53,0.0016,1.7145,2025,C<G<F,8000.0,16000.0,36000.0,post_all,43000,1.0,embed,3,"17,5,6",1.0,0.6461616675139806,0.5926792069140824,0.012375472969049768,0.39871122488547894
canonical_GF_s2025,add,53,0.0016,1.7145,2025,C<G<F,8000.0,16000.0,36000.0,post_all,43000,1.0,attn_L0,3,"17,5,6",1.0,0.9923741738688358,0.9881037112353839,0.0017195256253469968,0.695722130469089
canonical_GF_s2025,add,53,0.0016,1.7145,2025,C<G<F,8000.0,16000.0,36000.0,post_all,43000,1.0,mlp_L0,3,"17,24,6",1.0,0.900355871886121,0.9223182511438738,0.006154650106933027,0.48023826402026776
canonical_GF_s2025,add,53,0.0016,1.7145,2025,C<G<F,8000.0,16000.0,36000.0,post_all,43000,1.0,attn_L1,3,"5,3,4",1.0,0.19115404168784952,0.5237417386883579,0.009696234510529457,0.7751287583694351
canonical_GF_s2025,add,53,0.0016,1.7145,2025,C<G<F,8000.0,16000.0,36000.0,post_all,43000,1.0,mlp_L1,3,"3,15,22",1.0,0.4178952719877987,0.9833248601931877,0.003614924013143079,0.528552594571523
canonical_GF_s2025,add,53,0.0016,1.7145,2025,C<G<F,8000.0,16000.0,36000.0,post_all,43000,1.0,resid_final,3,"5,3,15",1.0,0.4758515505846467,0.8675139806812405,0.008601234766672728,0.4906775561487955
canonical_GF_s42,add,53,0.0016,1.7145,42,C<G<F,11000.0,18000.0,32500.0,pre_all,5500,0.00864260271191597,embed,3,"9,26,24",0.00864260294865277,0.02338586680223691,0.0183019827147941,0.0016076653076605898,0.12794245392387693
canonical_GF_s42,add,53,0.0016,1.7145,42,C<G<F,11000.0,18000.0,32500.0,pre_all,5500,0.00864260271191597,attn_L0,3,"24,7,9",0.00864260294865277,0.012709710218607015,0.008744280630401627,0.001966352781475721,0.20452925676304762
canonical_GF_s42,add,53,0.0016,1.7145,42,C<G<F,11000.0,18000.0,32500.0,pre_all,5500,0.00864260271191597,mlp_L0,3,"17,1,18",0.00864260294865277,0.0071174377224199285,0.005490594814438231,0.001620475592324273,0.1535927051090807
canonical_GF_s42,add,53,0.0016,1.7145,42,C<G<F,11000.0,18000.0,32500.0,pre_all,5500,0.00864260271191597,attn_L1,3,"19,24,14",0.00864260294865277,0.0035587188612099642,0.00813421453990849,0.002427521380033212,0.2409244606705207
canonical_GF_s42,add,53,0.0016,1.7145,42,C<G<F,11000.0,18000.0,32500.0,pre_all,5500,0.00864260271191597,mlp_L1,3,"19,24,23",0.00864260294865277,0.00864260294865277,0.010066090493136757,0.0009858016995254357,0.19426888459471456
canonical_GF_s42,add,53,0.0016,1.7145,42,C<G<F,11000.0,18000.0,32500.0,pre_all,5500,0.00864260271191597,resid_final,3,"19,24,9",0.00864260294865277,0.00813421453990849,0.014336553126588714,0.0019663527814757207,0.2796114953641601
canonical_GF_s42,add,53,0.0016,1.7145,42,C<G<F,11000.0,18000.0,32500.0,between_circ_gen,14500,0.9557701945304871,embed,3,"9,24,26",0.9557702084392475,0.485510930350788,0.29537366548042704,0.01161531231194293,0.13673167911941825
canonical_GF_s42,add,53,0.0016,1.7145,42,C<G<F,11000.0,18000.0,32500.0,between_circ_gen,14500,0.9557701945304871,attn_L0,3,"9,24,7",0.9557702084392475,0.8556176919166243,0.8843924758515506,0.005318432874681059,0.30303010195016816
canonical_GF_s42,add,53,0.0016,1.7145,42,C<G<F,11000.0,18000.0,32500.0,between_circ_gen,14500,0.9557701945304871,mlp_L0,3,"26,3,13",0.9557702084392475,0.03609557702084393,0.030604982206405694,0.004258340943847875,0.15630358232340932
canonical_GF_s42,add,53,0.0016,1.7145,42,C<G<F,11000.0,18000.0,32500.0,between_circ_gen,14500,0.9557701945304871,attn_L1,3,"7,21,19",0.9557702084392475,0.1265887137773259,0.27310625317742754,0.008325160951889664,0.5372121513873014
canonical_GF_s42,add,53,0.0016,1.7145,42,C<G<F,11000.0,18000.0,32500.0,between_circ_gen,14500,0.9557701945304871,mlp_L1,3,"24,9,4",0.9557702084392475,0.15709201830198272,0.4331469242501271,0.007629214634389054,0.3844840487489499
canonical_GF_s42,add,53,0.0016,1.7145,42,C<G<F,11000.0,18000.0,32500.0,between_circ_gen,14500,0.9557701945304871,resid_final,3,"24,7,9",0.9557702084392475,0.340620233858668,0.7635993899339095,0.009302257660585803,0.422637589424408
canonical_GF_s42,add,53,0.0016,1.7145,42,C<G<F,11000.0,18000.0,32500.0,between_gen_F,25000,0.982206404209137,embed,3,"6,1,9",0.9822064056939501,0.6761565836298933,0.3497712252160651,0.00882313905436366,0.20737464055942023
canonical_GF_s42,add,53,0.0016,1.7145,42,C<G<F,11000.0,18000.0,32500.0,between_gen_F,25000,0.982206404209137,attn_L0,3,"9,24,6",0.9822064056939501,0.9217081850533808,0.9518047788510422,0.006662798139463495,0.48271834638366506
canonical_GF_s42,add,53,0.0016,1.7145,42,C<G<F,11000.0,18000.0,32500.0,between_gen_F,25000,0.982206404209137,mlp_L0,3,"6,1,26",0.9822064056939501,0.061514997458057954,0.06842907981698018,0.0026239934724075122,0.22262807396050494
canonical_GF_s42,add,53,0.0016,1.7145,42,C<G<F,11000.0,18000.0,32500.0,between_gen_F,25000,0.982206404209137,attn_L1,3,"7,19,21",0.9822064056939501,0.23995932892730046,0.42196237925775293,0.007124696712294794,0.8094802553046355
canonical_GF_s42,add,53,0.0016,1.7145,42,C<G<F,11000.0,18000.0,32500.0,between_gen_F,25000,0.982206404209137,mlp_L1,3,"9,24,4",0.9822064056939501,0.4722928317234367,0.6944585663446874,0.007554316470160322,0.4541951673010959
canonical_GF_s42,add,53,0.0016,1.7145,42,C<G<F,11000.0,18000.0,32500.0,between_gen_F,25000,0.982206404209137,resid_final,3,"7,9,24",0.9822064056939501,0.8296898830706659,0.9247585155058466,0.007081031152610138,0.43123099065429094
canonical_GF_s42,add,53,0.0016,1.7145,42,C<G<F,11000.0,18000.0,32500.0,post_all,38000,0.9954245090484619,embed,3,"1,6,7",0.9954245043213015,0.8403660396542959,0.40355871886121,0.014159872126228592,0.45891928057868603
canonical_GF_s42,add,53,0.0016,1.7145,42,C<G<F,11000.0,18000.0,32500.0,post_all,38000,0.9954245090484619,attn_L0,3,"1,6,7",0.9954245043213015,0.7905439755973563,0.9520081342145399,0.0034270055000209165,0.9550710889309351
canonical_GF_s42,add,53,0.0016,1.7145,42,C<G<F,11000.0,18000.0,32500.0,post_all,38000,0.9954245090484619,mlp_L0,3,"6,1,12",0.9954245043213015,0.36298932384341637,0.44911032028469755,0.009713279102038013,0.41957318797488363
canonical_GF_s42,add,53,0.0016,1.7145,42,C<G<F,11000.0,18000.0,32500.0,post_all,38000,0.9954245090484619,attn_L1,3,"7,21,9",0.9954245043213015,0.3014743263853584,0.5642094560244028,0.0029887012621655617,0.6800757645033725
canonical_GF_s42,add,53,0.0016,1.7145,42,C<G<F,11000.0,18000.0,32500.0,post_all,38000,0.9954245090484619,mlp_L1,3,"21,9,24",0.9954245043213015,0.8210472801220132,0.9704117946110828,0.00260024643671466,0.4590885382521401
canonical_GF_s42,add,53,0.0016,1.7145,42,C<G<F,11000.0,18000.0,32500.0,post_all,38000,0.9954245090484619,resid_final,3,"7,6,21",0.9954245043213015,0.838840874428063,0.9574987290289781,0.0029921584076384694,0.35523766223254943
lr_low_GF,add,53,0.0009259,2.5,42,G<F,,21500.0,29000.0,pre_known_events,11000,0.09150991588830948,embed,3,"9,26,24",0.09150991357397051,0.06456532791052363,0.03772241992882562,0.002900933933439166,0.1357683673418505
lr_low_GF,add,53,0.0009259,2.5,42,G<F,,21500.0,29000.0,pre_known_events,11000,0.09150991588830948,attn_L0,3,"24,25,3",0.09150991357397051,0.06405693950177936,0.06568378240976105,0.0032695343550205452,0.2786590836701841
lr_low_GF,add,53,0.0009259,2.5,42,G<F,,21500.0,29000.0,pre_known_events,11000,0.09150991588830948,mlp_L0,3,"26,11,9",0.09150991357397051,0.014234875444839857,0.01209964412811388,0.002393208397750853,0.16602603723200512
lr_low_GF,add,53,0.0009259,2.5,42,G<F,,21500.0,29000.0,pre_known_events,11000,0.09150991588830948,attn_L1,3,"14,19,23",0.09150991357397051,0.010676156583629894,0.03467208947635994,0.003586210897518738,0.3138077732768607
lr_low_GF,add,53,0.0009259,2.5,42,G<F,,21500.0,29000.0,pre_known_events,11000,0.09150991588830948,mlp_L1,3,"19,3,14",0.09150991357397051,0.02592780884595831,0.06365022877478393,0.0039823398124181255,0.2531865775782476
lr_low_GF,add,53,0.0009259,2.5,42,G<F,,21500.0,29000.0,pre_known_events,11000,0.09150991588830948,resid_final,3,"25,19,3",0.09150991357397051,0.029994916115912557,0.08866293848500253,0.009903009505285972,0.28859511806305094
lr_low_GF,add,53,0.0009259,2.5,42,G<F,,21500.0,29000.0,between_gen_F_partial,25000,0.8998475074768066,embed,3,"13,9,25",0.8998474834773768,0.4641586171835282,0.13665480427046264,0.009107959604090976,0.15723706086269382
lr_low_GF,add,53,0.0009259,2.5,42,G<F,,21500.0,29000.0,between_gen_F_partial,25000,0.8998475074768066,attn_L0,3,"13,25,24",0.8998474834773768,0.8022369089984749,0.8038637519064565,0.005057378796317622,0.23489562951137286
lr_low_GF,add,53,0.0009259,2.5,42,G<F,,21500.0,29000.0,between_gen_F_partial,25000,0.8998475074768066,mlp_L0,3,"9,26,13",0.8998474834773768,0.026436197254702594,0.030503304524656837,0.002728298498220384,0.16736574010165822
lr_low_GF,add,53,0.0009259,2.5,42,G<F,,21500.0,29000.0,between_gen_F_partial,25000,0.8998475074768066,attn_L1,3,"7,14,19",0.8998474834773768,0.10218607015760041,0.29466192170818506,0.006718425434339323,0.5591500525396801
lr_low_GF,add,53,0.0009259,2.5,42,G<F,,21500.0,29000.0,between_gen_F_partial,25000,0.8998475074768066,mlp_L1,3,"24,3,19",0.8998474834773768,0.23945094051855617,0.6803253685815964,0.007341945378153834,0.4662399234525693
lr_low_GF,add,53,0.0009259,2.5,42,G<F,,21500.0,29000.0,between_gen_F_partial,25000,0.8998475074768066,resid_final,3,"7,24,25",0.8998474834773768,0.43924758515505846,0.7493645144890697,0.008439860079083749,0.3395436212956738
lr_low_GF,add,53,0.0009259,2.5,42,G<F,,21500.0,29000.0,post_known_events,31000,1.0,embed,3,"13,8,25",1.0,0.9039145907473309,0.31977630910015253,0.004801512538126125,0.23049720826929224
lr_low_GF,add,53,0.0009259,2.5,42,G<F,,21500.0,29000.0,post_known_events,31000,1.0,attn_L0,3,"13,8,24",1.0,0.9008642602948653,0.8649720386375191,0.008896651898008073,0.3696163636662116
lr_low_GF,add,53,0.0009259,2.5,42,G<F,,21500.0,29000.0,post_known_events,31000,1.0,mlp_L0,3,"13,9,8",1.0,0.08235892221657347,0.1077783426537875,0.0023627758085657882,0.19203415060131665
lr_low_GF,add,53,0.0009259,2.5,42,G<F,,21500.0,29000.0,post_known_events,31000,1.0,attn_L1,3,"7,14,19",1.0,0.18556176919166242,0.6076258261311642,0.01101878367800229,0.6725683410551545
lr_low_GF,add,53,0.0009259,2.5,42,G<F,,21500.0,29000.0,post_known_events,31000,1.0,mlp_L1,3,"19,3,24",1.0,0.5714285714285714,0.9903406202338587,0.0029116057068177574,0.43957804257833993
lr_low_GF,add,53,0.0009259,2.5,42,G<F,,21500.0,29000.0,post_known_events,31000,1.0,resid_final,3,"7,19,24",1.0,0.7910523640061007,0.9649211997966447,0.006209834869182472,0.39118053696868577
mul_GF,mul,53,0.0016,2.4497,42,G<F,,8500.0,14000.0,pre_known_events,4000,0.06354855000972748,embed,3,"9,26,24",0.06354855109303507,0.04880528723945094,0.04931367564819522,0.0016395033550174966,0.12567701835395684
mul_GF,mul,53,0.0016,2.4497,42,G<F,,8500.0,14000.0,pre_known_events,4000,0.06354855000972748,attn_L0,3,"24,2,17",0.06354855109303507,0.058973055414336555,0.05388917132689375,0.003166733401605987,0.1706034891806585
mul_GF,mul,53,0.0016,2.4497,42,G<F,,8500.0,14000.0,pre_known_events,4000,0.06354855000972748,mlp_L0,3,"26,9,11",0.06354855109303507,0.042704626334519574,0.04158617183528215,0.0016830651100403517,0.1307313428786753
mul_GF,mul,53,0.0016,2.4497,42,G<F,,8500.0,14000.0,pre_known_events,4000,0.06354855000972748,attn_L1,3,"20,21,22",0.06354855109303507,0.05236400610066091,0.05033045246568378,0.002083772397754875,0.15734078210037797
mul_GF,mul,53,0.0016,2.4497,42,G<F,,8500.0,14000.0,pre_known_events,4000,0.06354855000972748,mlp_L1,3,"3,25,20",0.06354855109303507,0.05236400610066091,0.05195729537366549,0.0035280836955561726,0.13747036036863483
mul_GF,mul,53,0.0016,2.4497,42,G<F,,8500.0,14000.0,pre_known_events,4000,0.06354855000972748,resid_final,3,"10,24,20",0.06354855109303507,0.04931367564819522,0.050025419420437214,0.0024189887653015382,0.11894829361555315
mul_GF,mul,53,0.0016,2.4497,42,G<F,,8500.0,14000.0,between_gen_F_partial,11000,0.9755973815917969,embed,3,"9,26,18",0.9755973563802746,0.10930350788002034,0.13014743263853584,0.0049811687702759145,0.1262556620719572
mul_GF,mul,53,0.0016,2.4497,42,G<F,,8500.0,14000.0,between_gen_F_partial,11000,0.9755973815917969,attn_L0,3,"15,1,25",0.9755973563802746,0.9623792577529232,0.9652262328418912,0.0020986037051906777,0.18037176227604132
mul_GF,mul,53,0.0016,2.4497,42,G<F,,8500.0,14000.0,between_gen_F_partial,11000,0.9755973815917969,mlp_L0,3,"26,9,8",0.9755973563802746,0.07066598881545501,0.07198779867819013,0.0016268429079817023,0.13022110325146039
mul_GF,mul,53,0.0016,2.4497,42,G<F,,8500.0,14000.0,between_gen_F_partial,11000,0.9755973815917969,attn_L1,3,"15,17,6",0.9755973563802746,0.8169801728520589,0.7943060498220641,0.004049274580933389,0.13706230923681934
mul_GF,mul,53,0.0016,2.4497,42,G<F,,8500.0,14000.0,between_gen_F_partial,11000,0.9755973815917969,mlp_L1,3,"20,13,8",0.9755973563802746,0.7254702592780885,0.8274529740721913,0.004621583396995868,0.1411248126229623
mul_GF,mul,53,0.0016,2.4497,42,G<F,,8500.0,14000.0,between_gen_F_partial,11000,0.9755973815917969,resid_final,3,"15,25,16",0.9755973563802746,0.5200813421453991,0.5900355871886122,0.007236994265083579,0.11735268498081919
mul_GF,mul,53,0.0016,2.4497,42,G<F,,8500.0,14000.0,post_known_events,15500,0.9944077134132385,embed,3,"9,6,26",0.9944077275038129,0.31875953228266396,0.28612099644128114,0.011172522077012454,0.1266763117919228
mul_GF,mul,53,0.0016,2.4497,42,G<F,,8500.0,14000.0,post_known_events,15500,0.9944077134132385,attn_L0,3,"9,13,12",0.9944077275038129,0.9862735129639044,0.9886120996441281,0.0012285761030599652,0.21290921948568856
mul_GF,mul,53,0.0016,2.4497,42,G<F,,8500.0,14000.0,post_known_events,15500,0.9944077134132385,mlp_L0,3,"26,9,6",0.9944077275038129,0.1682765632943569,0.15841382816471786,0.004415668683397754,0.13167494652389974
mul_GF,mul,53,0.0016,2.4497,42,G<F,,8500.0,14000.0,post_known_events,15500,0.9944077134132385,attn_L1,3,"23,25,17",0.9944077275038129,0.8744280630401627,0.8475851550584647,0.0039432067981017204,0.12883841393912665
mul_GF,mul,53,0.0016,2.4497,42,G<F,,8500.0,14000.0,post_known_events,15500,0.9944077134132385,mlp_L1,3,"20,25,11",0.9944077275038129,0.9659379766141332,0.9856634468734112,0.0021182172502287404,0.13657646206844926
mul_GF,mul,53,0.0016,2.4497,42,G<F,,8500.0,14000.0,post_known_events,15500,0.9944077134132385,resid_final,3,"9,23,13",0.9944077275038129,0.6410777834265379,0.6638535841382817,0.012887019434879413,0.11953856959160947
p97_GF,add,97,0.0016,2.4497,42,G<F,,2500.0,30500.0,pre_known_events,1000,0.0034917262382805347,embed,3,"45,15,44",0.003491726127220282,0.004402611203886443,0.006467284044329741,0.0011139478565564986,0.06921500737194042
p97_GF,add,97,0.0016,2.4497,42,G<F,,2500.0,30500.0,pre_known_events,1000,0.0034917262382805347,attn_L0,3,"44,8,45",0.003491726127220282,0.004554425383330803,0.0032184606042204343,0.00037679288434768046,0.10136684958867066
p97_GF,add,97,0.0016,2.4497,42,G<F,,2500.0,30500.0,pre_known_events,1000,0.0034917262382805347,mlp_L0,3,"40,20,21",0.003491726127220282,0.003491726127220282,0.0023075755275542733,0.0010269642948406111,0.07349458951883507
p97_GF,add,97,0.0016,2.4497,42,G<F,,2500.0,30500.0,pre_known_events,1000,0.0034917262382805347,attn_L1,3,"45,23,2",0.003491726127220282,0.0021253985122210413,0.003248823440109306,0.00043578867752868755,0.1281411350068532
p97_GF,add,97,0.0016,2.4497,42,G<F,,2500.0,30500.0,pre_known_events,1000,0.0034917262382805347,mlp_L1,3,"45,23,18",0.003491726127220282,0.0025808410505541216,0.003491726127220282,0.00041852281014392666,0.09392455609477057
p97_GF,add,97,0.0016,2.4497,42,G<F,,2500.0,30500.0,pre_known_events,1000,0.0034917262382805347,resid_final,3,"45,23,18",0.003491726127220282,0.003188097768331562,0.004432974039775316,0.0007882650666917971,0.1424922906142014
p97_GF,add,97,0.0016,2.4497,42,G<F,,2500.0,30500.0,between_gen_F_partial,16500,1.0,embed,3,"40,44,47",1.0,0.8982844997722788,0.5238500075907091,0.008448619355592477,0.14784243873925884
p97_GF,add,97,0.0016,2.4497,42,G<F,,2500.0,30500.0,between_gen_F_partial,16500,1.0,attn_L0,3,"40,44,18",1.0,0.9335053894033702,0.9531501442234704,0.0018731679751252091,0.21963460835137777
p97_GF,add,97,0.0016,2.4497,42,G<F,,2500.0,30500.0,between_gen_F_partial,16500,1.0,mlp_L0,3,"40,47,41",1.0,0.049339608319417035,0.056596326096857455,0.002346793849575176,0.1331457834564582
p97_GF,add,97,0.0016,2.4497,42,G<F,,2500.0,30500.0,between_gen_F_partial,16500,1.0,attn_L1,3,"2,23,45",1.0,0.1864278123576742,0.5492029755579171,0.006097262674055525,0.5984435249348339
p97_GF,add,97,0.0016,2.4497,42,G<F,,2500.0,30500.0,between_gen_F_partial,16500,1.0,mlp_L1,3,"23,18,9",1.0,0.64414756338242,0.9889175649005617,0.0019863886119685674,0.40850120756326386
p97_GF,add,97,0.0016,2.4497,42,G<F,,2500.0,30500.0,between_gen_F_partial,16500,1.0,resid_final,3,"2,23,40",1.0,0.561560649764688,0.978169120995901,0.0021153986273994454,0.363028542573271
p97_GF,add,97,0.0016,2.4497,42,G<F,,2500.0,30500.0,post_known_events,37500,1.0,embed,3,"40,2,23",1.0,0.43054501290420527,0.645088811294975,0.004086481281424025,0.6855830546741535
p97_GF,add,97,0.0016,2.4497,42,G<F,,2500.0,30500.0,post_known_events,37500,1.0,attn_L0,3,"40,2,23",1.0,0.6764839836040686,0.7923789281918932,0.004513351553317028,0.9608201744329984
p97_GF,add,97,0.0016,2.4497,42,G<F,,2500.0,30500.0,post_known_events,37500,1.0,mlp_L0,3,"40,17,23",1.0,0.9927129193866707,0.9980567785031121,0.0004644620780561137,0.9443986518942926
p97_GF,add,97,0.0016,2.4497,42,G<F,,2500.0,30500.0,post_known_events,37500,1.0,attn_L1,3,"2,23,18",1.0,0.4138454531653256,0.8989828449977229,0.003392766705056086,0.703724275532421
p97_GF,add,97,0.0016,2.4497,42,G<F,,2500.0,30500.0,post_known_events,37500,1.0,mlp_L1,3,"23,18,8",1.0,0.8043115226962199,1.0,0.0,0.4571390474751596
p97_GF,add,97,0.0016,2.4497,42,G<F,,2500.0,30500.0,post_known_events,37500,1.0,resid_final,3,"40,23,2",1.0,0.6077121603157735,0.8822529224229543,0.003202667554175018,0.48211584401898583
wd_high_GF,add,53,0.0016,3.1075,42,G<F,,12000.0,24500.0,pre_known_events,6000,0.024402644485235214,embed,3,"9,26,11",0.02440264361972547,0.05338078291814947,0.028673106253177427,0.0030940770828069017,0.13028134398868382
wd_high_GF,add,53,0.0016,3.1075,42,G<F,,12000.0,24500.0,pre_known_events,6000,0.024402644485235214,attn_L0,3,"3,24,25",0.02440264361972547,0.020335536349771224,0.018301982714794104,0.0032153306153211787,0.2340018161005465
wd_high_GF,add,53,0.0016,3.1075,42,G<F,,12000.0,24500.0,pre_known_events,6000,0.024402644485235214,mlp_L0,3,"8,26,1",0.02440264361972547,0.0066090493136756485,0.008947635993899338,0.002287182893584543,0.16562833102627691
wd_high_GF,add,53,0.0016,3.1075,42,G<F,,12000.0,24500.0,pre_known_events,6000,0.024402644485235214,attn_L1,3,"19,14,3",0.02440264361972547,0.0066090493136756485,0.015149974580579562,0.002639706148601356,0.31325124693643225
wd_high_GF,add,53,0.0016,3.1075,42,G<F,,12000.0,24500.0,pre_known_events,6000,0.024402644485235214,mlp_L1,3,"3,19,14",0.02440264361972547,0.010167768174885612,0.022369089984748347,0.003565974156939539,0.19901801396414132
wd_high_GF,add,53,0.0016,3.1075,42,G<F,,12000.0,24500.0,pre_known_events,6000,0.024402644485235214,resid_final,3,"3,19,14",0.02440264361972547,0.009150991357397052,0.03446873411286223,0.003363057530969238,0.2904299307929818
wd_high_GF,add,53,0.0016,3.1075,42,G<F,,12000.0,24500.0,between_gen_F_partial,18000,0.9857650995254517,embed,3,"13,9,25",0.9857651245551602,0.9334011184544992,0.36054905948144383,0.006995838296601764,0.16717410712804293
wd_high_GF,add,53,0.0016,3.1075,42,G<F,,12000.0,24500.0,between_gen_F_partial,18000,0.9857650995254517,attn_L0,3,"13,11,3",0.9857651245551602,0.9273004575495679,0.8828673106253178,0.009481682340111635,0.2534403994152915
wd_high_GF,add,53,0.0016,3.1075,42,G<F,,12000.0,24500.0,between_gen_F_partial,18000,0.9857650995254517,mlp_L0,3,"13,26,9",0.9857651245551602,0.08845958312150483,0.09893238434163701,0.003026512672320735,0.1667438001879381
wd_high_GF,add,53,0.0016,3.1075,42,G<F,,12000.0,24500.0,between_gen_F_partial,18000,0.9857650995254517,attn_L1,3,"12,23,19",0.9857651245551602,0.15912557193695984,0.4135231316725979,0.010878086465679282,0.7037477184362072
wd_high_GF,add,53,0.0016,3.1075,42,G<F,,12000.0,24500.0,between_gen_F_partial,18000,0.9857650995254517,mlp_L1,3,"19,23,3",0.9857651245551602,0.31926792069140825,0.8677173360447382,0.008072977424007833,0.46547268635273437
wd_high_GF,add,53,0.0016,3.1075,42,G<F,,12000.0,24500.0,between_gen_F_partial,18000,0.9857650995254517,resid_final,3,"12,19,24",0.9857651245551602,0.5882053889171327,0.8207422470767668,0.006181467881472565,0.3944236995048352
wd_high_GF,add,53,0.0016,3.1075,42,G<F,,12000.0,24500.0,post_known_events,27500,1.0,embed,3,"13,12,19",1.0,0.32486019318759535,0.5770208439247585,0.00920730568188855,0.692253215266724
wd_high_GF,add,53,0.0016,3.1075,42,G<F,,12000.0,24500.0,post_known_events,27500,1.0,attn_L0,3,"13,12,26",1.0,0.6609049313675648,0.5532282663955262,0.011424156099797151,0.9638036686709247
wd_high_GF,add,53,0.0016,3.1075,42,G<F,,12000.0,24500.0,post_known_events,27500,1.0,mlp_L0,3,"13,26,7",1.0,0.8591764107778342,0.9633960345704118,0.003924811197888917,0.9042273354670652
wd_high_GF,add,53,0.0016,3.1075,42,G<F,,12000.0,24500.0,post_known_events,27500,1.0,attn_L1,3,"12,19,23",1.0,0.2516522623284189,0.6843924758515506,0.008924497511943758,0.6992267825173454
wd_high_GF,add,53,0.0016,3.1075,42,G<F,,12000.0,24500.0,post_known_events,27500,1.0,mlp_L1,3,"19,23,14",1.0,0.7910523640061007,1.0,0.0,0.49371845409546866
wd_high_GF,add,53,0.0016,3.1075,42,G<F,,12000.0,24500.0,post_known_events,27500,1.0,resid_final,3,"13,19,12",1.0,0.971021860701576,0.9779359430604982,0.002543974784585023,0.6144307753716791
wd_low_GF,add,53,0.0016,1.5223,42,G<F,,14000.0,21500.0,pre_known_events,7000,0.021352313458919525,embed,3,"9,26,24",0.021352313167259787,0.02592780884595831,0.027351296390442297,0.0037136720625825467,0.12700946258804233
wd_low_GF,add,53,0.0016,1.5223,42,G<F,,14000.0,21500.0,pre_known_events,7000,0.021352313458919525,attn_L0,3,"24,3,7",0.021352313167259787,0.0157600406710727,0.0183019827147941,0.002058816139432291,0.23487948977935852
wd_low_GF,add,53,0.0016,1.5223,42,G<F,,14000.0,21500.0,pre_known_events,7000,0.021352313458919525,mlp_L0,3,"26,8,1",0.021352313167259787,0.007625826131164209,0.007219115404168784,0.00211821725022874,0.1675132831420429
wd_low_GF,add,53,0.0016,1.5223,42,G<F,,14000.0,21500.0,pre_known_events,7000,0.021352313458919525,attn_L1,3,"24,19,23",0.021352313167259787,0.009150991357397052,0.015149974580579562,0.0031895042483697247,0.28517356773231073
wd_low_GF,add,53,0.0016,1.5223,42,G<F,,14000.0,21500.0,pre_known_events,7000,0.021352313458919525,mlp_L1,3,"24,23,19",0.021352313167259787,0.009150991357397052,0.018098627351296394,0.0005184564833342948,0.2470660355851553
wd_low_GF,add,53,0.0016,1.5223,42,G<F,,14000.0,21500.0,pre_known_events,7000,0.021352313458919525,resid_final,3,"24,7,23",0.021352313167259787,0.007625826131164209,0.028164717844433147,0.0014943506310827722,0.2671620437081097
wd_low_GF,add,53,0.0016,1.5223,42,G<F,,14000.0,21500.0,between_gen_F_partial,18000,0.9171326756477356,embed,3,"9,11,26",0.9171326893746823,0.8083375699034062,0.41687849517031017,0.00843986007908374,0.1416591829918562
wd_low_GF,add,53,0.0016,1.5223,42,G<F,,14000.0,21500.0,between_gen_F_partial,18000,0.9171326756477356,attn_L0,3,"9,24,3",0.9171326893746823,0.8576512455516014,0.8942552109811895,0.002875879130397769,0.2965828464712896
wd_low_GF,add,53,0.0016,1.5223,42,G<F,,14000.0,21500.0,between_gen_F_partial,18000,0.9171326756477356,mlp_L0,3,"9,26,18",0.9171326893746823,0.13726487036095578,0.16237925775292322,0.008425147935278736,0.16857741888054623
wd_low_GF,add,53,0.0016,1.5223,42,G<F,,14000.0,21500.0,between_gen_F_partial,18000,0.9171326756477356,attn_L1,3,"7,19,23",0.9171326893746823,0.14844941535332995,0.2960854092526691,0.008960336690134537,0.5680782313971234
wd_low_GF,add,53,0.0016,1.5223,42,G<F,,14000.0,21500.0,between_gen_F_partial,18000,0.9171326756477356,mlp_L1,3,"24,23,21",0.9171326893746823,0.22979156075241486,0.6394509405185562,0.008300287394797578,0.45402854576347595
wd_low_GF,add,53,0.0016,1.5223,42,G<F,,14000.0,21500.0,between_gen_F_partial,18000,0.9171326756477356,resid_final,3,"19,7,24",0.9171326893746823,0.273512963904423,0.7402135231316727,0.011426870643283227,0.34894711657526095
wd_low_GF,add,53,0.0016,1.5223,42,G<F,,14000.0,21500.0,post_known_events,23500,0.9898322224617004,embed,3,"9,11,26",0.9898322318251144,0.9740721911540416,0.6778851042196238,0.0090521693397275,0.1781985307557389
wd_low_GF,add,53,0.0016,1.5223,42,G<F,,14000.0,21500.0,post_known_events,23500,0.9898322224617004,attn_L0,3,"9,24,11",0.9898322318251144,0.9755973563802746,0.983731570920183,0.0005569115988867849,0.4427829145750066
wd_low_GF,add,53,0.0016,1.5223,42,G<F,,14000.0,21500.0,post_known_events,23500,0.9898322224617004,mlp_L0,3,"9,26,18",0.9898322318251144,0.33960345704117945,0.398576512455516,0.007588452732911156,0.19616801614181473
wd_low_GF,add,53,0.0016,1.5223,42,G<F,,14000.0,21500.0,post_known_events,23500,0.9898322224617004,attn_L1,3,"7,19,23",0.9898322318251144,0.2440264361972547,0.4607015760040671,0.0017728109582270104,0.6692218026277116
wd_low_GF,add,53,0.0016,1.5223,42,G<F,,14000.0,21500.0,post_known_events,23500,0.9898322224617004,mlp_L1,3,"24,3,21",0.9898322318251144,0.56888662938485,0.8646670055922725,0.008557854768683622,0.48944860169902565
wd_low_GF,add,53,0.0016,1.5223,42,G<F,,14000.0,21500.0,post_known_events,23500,0.9898322224617004,resid_final,3,"7,24,19",0.9898322318251144,0.5953228266395526,0.8767666497203864,0.003427005500020873,0.41473926004884754
