operation,prime,lr,wd,seed,top_k,observed_phase,tau_train,tau_gen,tau_F,tau_circuit_ours,tau_circuit_nanda_restricted,tau_circuit_nanda_excluded,delta_restricted_vs_ours,delta_excluded_vs_ours,delta_gc_ours,delta_gc_nanda_restricted,nanda_keys_static,nanda_restricted_loss_final,nanda_excluded_loss_final,nanda_full_loss_final,max_train_acc,max_test_acc,trajectory_file,runtime_sec
add,53,0.0016,1.2,42,5,Grokking,500.0,32000.0,39000.0,8000.0,42000.0,10500.0,34000.0,2500.0,24000.0,-10000.0,"12,13,23,18,9",1.2870258180210608,0.1862784157815794,0.005937966320491811,1.0,0.9994916319847107,traj_lr1.600000e-03_wd1.2000_seed42.npz,529.5510125160217
add,53,0.0016,1.2,7,5,Grokking,500.0,22500.0,28000.0,8000.0,29500.0,14000.0,21500.0,6000.0,14500.0,-7000.0,"22,16,1,26,18",0.7859015722674966,0.3848950309054616,0.0015575376485534782,1.0,1.0,traj_lr1.600000e-03_wd1.2000_seed7.npz,538.9268531799316
add,53,0.0016,1.2,2025,5,Grokking,500.0,26000.0,34000.0,11500.0,32000.0,8000.0,20500.0,-3500.0,14500.0,-6000.0,"6,5,25,23,2",1.4665697966473203,0.08015033519845967,0.029664073003284424,1.0,0.988815426826477,traj_lr1.600000e-03_wd1.2000_seed2025.npz,552.8996138572693
add,53,0.0016,1.3516,42,5,Grokking,500.0,27500.0,38000.0,8000.0,9500.0,8500.0,1500.0,500.0,19500.0,18000.0,"17,9,4,3,24",0.023273508496260625,2.7234194047040234,0.0014984158897018522,1.0,1.0,traj_lr1.600000e-03_wd1.3516_seed42.npz,544.3587121963501
add,53,0.0016,1.3516,7,5,Grokking,500.0,19500.0,28500.0,10500.0,34500.0,13000.0,24000.0,2500.0,9000.0,-15000.0,"26,10,1,23,18",0.9147316253327721,0.2102848160447849,0.0004895533781347345,1.0,1.0,traj_lr1.600000e-03_wd1.3516_seed7.npz,585.2011699676514
add,53,0.0016,1.3516,2025,5,Grokking,500.0,20500.0,25000.0,11000.0,18500.0,12000.0,7500.0,1000.0,9500.0,2000.0,"14,5,2,4,15",0.14860239451371676,2.3889479654828514,0.031331230650125295,1.0,0.997966468334198,traj_lr1.600000e-03_wd1.3516_seed2025.npz,592.030398607254
add,53,0.0016,1.5223,42,5,Grokking,500.0,14000.0,21500.0,9000.0,8000.0,12000.0,-1000.0,3000.0,5000.0,6000.0,"9,11,7,19,24",0.062450713536188605,1.5545253168265407,0.0020627613729447968,1.0,1.0,traj_lr1.600000e-03_wd1.5223_seed42.npz,548.0405423641205
add,53,0.0016,1.5223,7,5,Grokking,2000.0,14500.0,20000.0,10000.0,8500.0,13000.0,-1500.0,3000.0,4500.0,6000.0,"3,18,14,1,22",0.3106427747958805,0.9971280942021974,0.002124671371211059,1.0,1.0,traj_lr1.600000e-03_wd1.5223_seed7.npz,511.9321777820587
add,53,0.0016,1.5223,2025,5,Grokking,2000.0,16000.0,21500.0,8000.0,19500.0,12000.0,11500.0,4000.0,8000.0,-3500.0,"17,5,15,3,4",0.2887926612939052,3.202002352408039,0.11587947255109132,1.0,1.0,traj_lr1.600000e-03_wd1.5223_seed2025.npz,561.0529162883759
add,53,0.0016,1.7145,42,5,Grokking,500.0,13500.0,26500.0,9500.0,13000.0,13000.0,3500.0,3500.0,4000.0,500.0,"1,6,21,9,4",0.018531187489825327,2.2125528296717816,0.0011565919165595234,1.0,1.0,traj_lr1.600000e-03_wd1.7145_seed42.npz,526.8431468009949
add,53,0.0016,1.7145,7,5,Grokking,500.0,17000.0,23500.0,16000.0,18000.0,14000.0,2000.0,-2000.0,1000.0,-1000.0,"14,22,1,9,5",0.09030820818964516,2.075583029274883,0.0012665849063523058,1.0,1.0,traj_lr1.600000e-03_wd1.7145_seed7.npz,568.7434477806091
add,53,0.0016,1.7145,2025,5,Grokking,500.0,14000.0,39500.0,8000.0,36500.0,12000.0,28500.0,4000.0,6000.0,-22500.0,"17,6,4,22,5",0.08499836589366763,1.6440976267080467,0.001201832882910037,1.0,1.0,traj_lr1.600000e-03_wd1.7145_seed2025.npz,652.7325983047485
add,53,0.0016,1.9311,42,5,Grokking,500.0,14000.0,19500.0,10500.0,8500.0,13000.0,-2000.0,2500.0,3500.0,5500.0,"9,14,3,21,19",0.024602165646366768,2.0521404389843863,0.001000378069825605,1.0,1.0,traj_lr1.600000e-03_wd1.9311_seed42.npz,565.2219269275665
add,53,0.0016,1.9311,7,5,Grokking,500.0,14500.0,28500.0,9000.0,15500.0,10500.0,6500.0,1500.0,5500.0,-1000.0,"16,11,10,25,9",0.13376452077039347,1.5406319783634055,0.0008472248259050327,1.0,1.0,traj_lr1.600000e-03_wd1.9311_seed7.npz,563.0312113761902
add,53,0.0016,1.9311,2025,5,Grokking,500.0,12500.0,23500.0,8000.0,18500.0,11000.0,10500.0,3000.0,4500.0,-6000.0,"24,14,5,3,22",0.09560714660695231,1.7313983313335404,0.0015433956803909182,1.0,1.0,traj_lr1.600000e-03_wd1.9311_seed2025.npz,563.9711236953735
add,53,0.0016,2.175,42,5,Grokking,500.0,15000.0,23500.0,9000.0,27000.0,13500.0,18000.0,4500.0,6000.0,-12000.0,"13,6,14,4,24",2.9463087505463372,2.0434425430141077,1.4477507703392258,1.0,1.0,traj_lr1.600000e-03_wd2.1750_seed42.npz,592.4115211963654
add,53,0.0016,2.175,7,5,Grokking,500.0,11000.0,14000.0,8000.0,11500.0,11000.0,3500.0,3000.0,3000.0,-500.0,"18,14,3,10,1",0.10318386447707673,1.72176208355188,0.0015334764030050605,1.0,1.0,traj_lr1.600000e-03_wd2.1750_seed7.npz,651.0443663597107
add,53,0.0016,2.175,2025,5,Grokking,500.0,8500.0,23500.0,8000.0,8500.0,9000.0,500.0,1000.0,500.0,0.0,"24,5,25,15,3",0.18057524098978325,1.9449665728754548,0.008140106641443413,1.0,1.0,traj_lr1.600000e-03_wd2.1750_seed2025.npz,542.8213491439819
add,53,0.0016,2.4497,42,5,Grokking,500.0,11000.0,21500.0,8000.0,21500.0,9500.0,13500.0,1500.0,3000.0,-10500.0,"13,6,3,12,19",0.4099055830772611,1.0161534130378007,0.0020331956688973826,1.0,1.0,traj_lr1.600000e-03_wd2.4497_seed42.npz,551.9557933807373
add,53,0.0016,2.4497,7,5,Grokking,500.0,12000.0,16000.0,10500.0,14000.0,11000.0,3500.0,500.0,1500.0,-2000.0,"16,18,14,1,9",0.26836710356601007,1.516794790099371,0.0029088859934100187,1.0,1.0,traj_lr1.600000e-03_wd2.4497_seed7.npz,581.2250647544861
add,53,0.0016,2.4497,2025,5,Grokking,500.0,10000.0,15500.0,8000.0,9000.0,9000.0,1000.0,1000.0,2000.0,1000.0,"14,25,5,15,3",0.12325061626395496,1.6884143526178381,0.0023046411538687906,1.0,1.0,traj_lr1.600000e-03_wd2.4497_seed2025.npz,596.5848474502563
add,53,0.0016,2.7591,42,5,Grokking,500.0,11500.0,29000.0,8000.0,26500.0,10500.0,18500.0,2500.0,3500.0,-15000.0,"8,24,19,3,14",0.06605866877251715,2.2104718542342052,0.0022046481592617275,1.0,1.0,traj_lr1.600000e-03_wd2.7591_seed42.npz,572.2775793075562
add,53,0.0016,2.7591,7,5,Grokking,500.0,10500.0,18000.0,9000.0,13000.0,10500.0,4000.0,1500.0,1500.0,-2500.0,"16,14,9,1,11",0.1505423513621556,1.5265237514723125,0.002656962280760571,1.0,1.0,traj_lr1.600000e-03_wd2.7591_seed7.npz,598.4029245376587
add,53,0.0016,2.7591,2025,5,Grokking,500.0,10000.0,18500.0,8000.0,10000.0,10000.0,2000.0,2000.0,2000.0,0.0,"14,24,5,4,15",0.388339197938367,1.6523606428016704,0.002990040436846442,1.0,1.0,traj_lr1.600000e-03_wd2.7591_seed2025.npz,578.6543807983398
add,53,0.0016,3.1075,42,5,Grokking,500.0,12000.0,24500.0,8000.0,25000.0,12000.0,17000.0,4000.0,4000.0,-13000.0,"13,12,19,23,14",0.6536342912907899,2.7220662549205916,0.21380563678922768,1.0,1.0,traj_lr1.600000e-03_wd3.1075_seed42.npz,597.5620908737183
add,53,0.0016,3.1075,7,5,Grokking,500.0,10000.0,16500.0,8000.0,11000.0,9000.0,3000.0,1000.0,2000.0,-1000.0,"18,14,16,20,5",0.19819512738050857,1.4556116848844851,0.0035996046740167337,1.0,1.0,traj_lr1.600000e-03_wd3.1075_seed7.npz,773.418219089508
add,53,0.0016,3.1075,2025,5,Grokking,500.0,11000.0,11000.0,8000.0,8000.0,11500.0,0.0,3500.0,3000.0,3000.0,"14,25,15,2,4",0.12071892729485903,1.760318082180533,0.002345029351074711,1.0,1.0,traj_lr1.600000e-03_wd3.1075_seed2025.npz,1029.321481704712
add,53,0.0016,3.5,42,5,Grokking,500.0,12000.0,26500.0,9500.0,24500.0,12500.0,15000.0,3000.0,2500.0,-12500.0,"3,2,12,4,24",0.3638629506279931,1.2736116642562125,0.009380192901418474,1.0,1.0,traj_lr1.600000e-03_wd3.5000_seed42.npz,763.8827276229858
add,53,0.0016,3.5,7,5,Grokking,500.0,19000.0,21500.0,8000.0,21000.0,13500.0,13000.0,5500.0,11000.0,-2000.0,"14,16,22,1,12",0.12821998391067643,2.1184139844187513,0.005751860513599614,1.0,1.0,traj_lr1.600000e-03_wd3.5000_seed7.npz,665.9588921070099
add,53,0.0016,3.5,2025,5,Grokking,500.0,11000.0,20000.0,8000.0,22000.0,11000.0,14000.0,3000.0,3000.0,-11000.0,"24,14,5,3,15",0.14349000094515044,1.811344534071998,0.004244623700010584,1.0,1.0,traj_lr1.600000e-03_wd3.5000_seed2025.npz,594.8964605331421
add,53,0.0005,2.5,42,5,Grokking,500.0,52000.0,54000.0,32500.0,34500.0,50000.0,2000.0,17500.0,19500.0,17500.0,"6,15,4,14,12",0.12731754411836016,0.5770759235322631,0.00018234652799800196,1.0,1.0,traj_lr5.000000e-04_wd2.5000_seed42.npz,899.0570867061615
add,53,0.0005,2.5,7,5,Grokking,500.0,54500.0,57000.0,36500.0,47500.0,29500.0,11000.0,-7000.0,18000.0,7000.0,"25,1,2,9,24",0.03689750041411154,2.0478181892698615,0.0005765458786119739,1.0,1.0,traj_lr5.000000e-04_wd2.5000_seed7.npz,840.0094964504242
add,53,0.0005,2.5,2025,5,Grokking,500.0,39500.0,42000.0,24500.0,28500.0,28500.0,4000.0,4000.0,15000.0,11000.0,"24,8,13,5,15",0.3944633599112113,0.37868320296719027,0.000594293795068738,1.0,1.0,traj_lr5.000000e-04_wd2.5000_seed2025.npz,715.638129234314
add,53,0.00068,2.5,42,5,Grokking,500.0,31000.0,39000.0,14500.0,37500.0,10000.0,23000.0,-4500.0,16500.0,-6500.0,"1,7,3,21,5",0.1637178087242414,0.7811340054174285,0.0006118319843028084,1.0,1.0,traj_lr6.800000e-04_wd2.5000_seed42.npz,519.8104951381683
add,53,0.00068,2.5,7,5,Grokking,500.0,38500.0,42000.0,25500.0,40000.0,25000.0,14500.0,-500.0,13000.0,-1500.0,"19,14,1,9,17",0.05460459505697389,1.838076798711833,0.000899295870423558,1.0,1.0,traj_lr6.800000e-04_wd2.5000_seed7.npz,514.6904106140137
add,53,0.00068,2.5,2025,5,Grokking,500.0,32500.0,40500.0,13000.0,38000.0,13500.0,25000.0,500.0,19500.0,-5500.0,"14,5,3,15,6",0.16388182448274274,1.0846592823428036,0.0006881712357891248,1.0,1.0,traj_lr6.800000e-04_wd2.5000_seed2025.npz,510.8489909172058
add,53,0.000926,2.5,42,5,Grokking,2000.0,18500.0,26500.0,13500.0,25500.0,12500.0,12000.0,-1000.0,5000.0,-7000.0,"8,13,7,3,19",0.9016051327664997,0.7111732175962807,0.013650526021020827,1.0,1.0,traj_lr9.260000e-04_wd2.5000_seed42.npz,510.88485527038574
add,53,0.000926,2.5,7,5,Grokking,500.0,32000.0,31500.0,12500.0,32000.0,18000.0,19500.0,5500.0,19500.0,0.0,"14,1,6,17,9",0.01847374472157324,2.420731111167444,0.0013446652074242825,1.0,1.0,traj_lr9.260000e-04_wd2.5000_seed7.npz,510.71221566200256
add,53,0.000926,2.5,2025,5,Grokking,500.0,25000.0,35500.0,8000.0,26000.0,15500.0,18000.0,7500.0,17000.0,-1000.0,"24,5,3,15,4",0.025367361672658916,2.0565741642673467,0.0009018300944942004,1.0,1.0,traj_lr9.260000e-04_wd2.5000_seed2025.npz,515.9415276050568
add,53,0.00126,2.5,42,5,Grokking,500.0,19500.0,33000.0,8000.0,33500.0,14000.0,25500.0,6000.0,11500.0,-14000.0,"12,14,19,24,3",0.04731370336506702,2.6291207155275793,0.0015678211950094453,1.0,1.0,traj_lr1.260000e-03_wd2.5000_seed42.npz,495.4435489177704
add,53,0.00126,2.5,7,5,Grokking,500.0,18000.0,20500.0,10500.0,14000.0,12500.0,3500.0,2000.0,7500.0,4000.0,"3,20,14,18,1",0.47168330221843524,1.0059615291998663,0.003394057858094188,1.0,1.0,traj_lr1.260000e-03_wd2.5000_seed7.npz,512.4666166305542
add,53,0.00126,2.5,2025,5,Grokking,500.0,12000.0,23500.0,8000.0,21500.0,11500.0,13500.0,3500.0,4000.0,-9500.0,"6,14,15,13,22",0.12435610783718007,2.210654007800364,0.008307761673883888,1.0,1.0,traj_lr1.260000e-03_wd2.5000_seed2025.npz,516.5232372283936
add,53,0.001714,2.5,42,5,Grokking,500.0,11000.0,17500.0,8000.0,16500.0,11500.0,8500.0,3500.0,3000.0,-5500.0,"9,12,3,4,14",0.0413793957538507,2.308180651645215,0.002928049447314022,1.0,1.0,traj_lr1.714000e-03_wd2.5000_seed42.npz,477.96700525283813
add,53,0.001714,2.5,7,5,Grokking,1500.0,13000.0,21500.0,9000.0,14500.0,11000.0,5500.0,2000.0,4000.0,-1500.0,"20,18,26,11,10",0.20664176655619007,1.536022418323002,0.002157113421229323,1.0,1.0,traj_lr1.714000e-03_wd2.5000_seed7.npz,513.7503185272217
add,53,0.001714,2.5,2025,5,Grokking,500.0,8000.0,18500.0,8000.0,8000.0,8500.0,0.0,500.0,0.0,0.0,"14,5,25,15,3",0.10534941491210344,1.8001523960097556,0.0027946042599600604,1.0,1.0,traj_lr1.714000e-03_wd2.5000_seed2025.npz,511.7169830799103
add,53,0.002333,2.5,42,5,Grokking,500.0,22500.0,28000.0,9500.0,9000.0,18000.0,-500.0,8500.0,13000.0,13500.0,"3,19,23,9,24",0.0035312539813108566,4.0187008261952295,0.004127199690527616,1.0,1.0,traj_lr2.333000e-03_wd2.5000_seed42.npz,510.14781737327576
add,53,0.002333,2.5,7,5,Grokking,500.0,8000.0,14000.0,8500.0,10000.0,8000.0,1500.0,-500.0,-500.0,-2000.0,"3,14,6,10,12",0.15633391143510533,2.346513486589888,0.014353743532411483,1.0,1.0,traj_lr2.333000e-03_wd2.5000_seed7.npz,497.47655844688416
add,53,0.002333,2.5,2025,5,Grokking,500.0,5500.0,11000.0,8000.0,8000.0,8500.0,0.0,500.0,-2500.0,-2500.0,"14,24,5,3,22",0.1389101885540733,1.8761713866599752,0.003817298069759331,1.0,1.0,traj_lr2.333000e-03_wd2.5000_seed2025.npz,515.6231513023376
add,53,0.003175,2.5,42,5,Grokking,500.0,11500.0,17500.0,8000.0,8500.0,12500.0,500.0,4500.0,3500.0,3000.0,"7,24,21,9,19",0.0033143226363998063,4.029125927659355,0.0037414490309198127,1.0,1.0,traj_lr3.175000e-03_wd2.5000_seed42.npz,512.3130404949188
add,53,0.003175,2.5,7,5,Grokking,500.0,6000.0,18000.0,8000.0,8000.0,8000.0,0.0,0.0,-2000.0,-2000.0,"23,14,5,12,10",0.020874301740300243,2.9354476797454203,0.0037714993053870865,1.0,1.0,traj_lr3.175000e-03_wd2.5000_seed7.npz,509.22315788269043
add,53,0.003175,2.5,2025,5,Grokking,500.0,3500.0,19500.0,8000.0,8000.0,8000.0,0.0,0.0,-4500.0,-4500.0,"15,14,5,3,22",0.022384792960314887,3.0152380740313593,0.004826928701237764,1.0,1.0,traj_lr3.175000e-03_wd2.5000_seed2025.npz,508.0018820762634
add,53,0.00432,2.5,42,5,Grokking,500.0,45000.0,9500.0,8000.0,34500.0,35500.0,26500.0,27500.0,37000.0,10500.0,"26,17,19,6,24",0.00973366374075131,4.036145115424023,0.009422873355292297,1.0,1.0,traj_lr4.320000e-03_wd2.5000_seed42.npz,507.71630001068115
add,53,0.00432,2.5,7,5,Grokking,500.0,7500.0,14000.0,8000.0,8000.0,8000.0,0.0,0.0,-500.0,-500.0,"14,2,6,5,24",0.04660418417986013,4.033227792008778,0.053463338561029645,1.0,1.0,traj_lr4.320000e-03_wd2.5000_seed7.npz,505.5116424560547
add,53,0.00432,2.5,2025,5,Grokking,500.0,3500.0,14000.0,8000.0,8000.0,8000.0,0.0,0.0,-4500.0,-4500.0,"14,5,4,25,3",0.32619749018351984,1.758877504439462,0.010970050030518182,1.0,1.0,traj_lr4.320000e-03_wd2.5000_seed2025.npz,505.52723574638367
add,53,0.005879,2.5,42,5,Memorization,500.0,,28000.0,27000.0,13000.0,13000.0,-14000.0,-14000.0,,,"21,9,24,8,7",5.047423445721385,6.752454813691815,7.537523220311236,1.0,0.018810370936989784,traj_lr5.879000e-03_wd2.5000_seed42.npz,808.1161623001099
add,53,0.005879,2.5,7,5,Memorization,500.0,,29500.0,13000.0,25000.0,32000.0,12000.0,19000.0,,,"10,9,22,12,6",4.6382614648577105,5.952713602506785,6.400521712771253,1.0,0.021860701963305473,traj_lr5.879000e-03_wd2.5000_seed7.npz,798.5640525817871
add,53,0.005879,2.5,2025,5,Grokking,500.0,38500.0,8000.0,9000.0,30000.0,31000.0,21000.0,22000.0,29500.0,8500.0,"5,23,22,2,10",0.0218144300955244,4.16918746400131,0.03946119482028523,1.0,1.0,traj_lr5.879000e-03_wd2.5000_seed2025.npz,510.1510100364685
add,53,0.008,2.5,42,5,Memorization,500.0,,21000.0,37500.0,39000.0,13000.0,1500.0,-24500.0,,,"5,16,6,9,19",4.737059677643768,6.3533489673109145,6.918270456170363,1.0,0.018810370936989784,traj_lr8.000000e-03_wd2.5000_seed42.npz,812.8251922130585
add,53,0.008,2.5,7,5,Memorization,500.0,,20000.0,47000.0,50000.0,16500.0,3000.0,-30500.0,,,"9,25,12,5,2",3.972061675588296,5.6216799809537275,5.102028659836055,1.0,0.021860701963305473,traj_lr8.000000e-03_wd2.5000_seed7.npz,812.7323114871979
add,53,0.008,2.5,2025,5,Memorization,500.0,,13000.0,16000.0,19500.0,21000.0,3500.0,5000.0,,,"23,4,16,1,26",4.422096848882007,5.500696617335229,5.790909502200359,1.0,0.018301982432603836,traj_lr8.000000e-03_wd2.5000_seed2025.npz,810.6886417865753
