source,label,canonical_tauF,bp1_M1,bp1_M2,bp2_M2,bic_M0,bic_M1,bic_M2,preferred,delta_bp1
posthoc,wd1.71_s7,23500,23500,21000,36500,-556.12,-943.62,-1106.52,M2,-2500
posthoc,wd2.76_s42,29000,29000,26500,32500,-409.45,-759.52,-962.57,M2,-2500
posthoc,wd1.52_s42,21500,21500,20500,42000,-625.73,-1068.29,-1243.17,M2,-1000
posthoc,wd2.18_s42,24000,24000,25500,37000,-534.86,-828.56,-1057.80,M2,1500
posthoc,wd2.45_s7,16000,16000,16500,35000,-558.38,-910.50,-1078.39,M2,500
posthoc,wd3.50_s7,21500,21500,17500,26000,-561.43,-813.80,-1070.02,M2,-4000
posthoc,wd3.11_s2025,11500,11500,12500,26500,-536.86,-809.36,-1060.02,M2,1000
posthoc,lr6.8e4_s7,42000,42000,40500,42000,-617.02,-930.30,-921.07,M1,-1500
e3_nanda,lr1.26e-03_wd2.5_s2025,23500,23500,25500,33500,-377.16,-690.43,-922.56,M2,2000
e3_nanda,lr1.26e-03_wd2.5_s42,33000,33000,30500,38000,-473.10,-826.53,-975.33,M2,-2500
e3_nanda,lr1.26e-03_wd2.5_s7,20500,20500,18500,34500,-523.87,-942.74,-1063.49,M2,-2000
e3_nanda,lr1.60e-03_wd1.2_s2025,34000,34000,30500,36000,-744.47,-1297.90,-1423.05,M2,-3500
e3_nanda,lr1.60e-03_wd1.2_s42,39000,39000,37500,42000,-849.65,-1413.86,-1714.80,M2,-1500
e3_nanda,lr1.60e-03_wd1.2_s7,28000,28000,28000,39500,-693.43,-1281.21,-1357.05,M2,0
e3_nanda,lr1.60e-03_wd1.3516_s2025,25000,25000,26000,41000,-652.93,-1172.90,-1272.57,M2,1000
e3_nanda,lr1.60e-03_wd1.3516_s42,38000,38000,20500,38500,-717.01,-1202.36,-1273.20,M2,-17500
e3_nanda,lr1.60e-03_wd1.3516_s7,28500,28500,28000,42000,-631.10,-1223.06,-1311.00,M2,-500
e3_nanda,lr1.60e-03_wd1.5223_s2025,21500,21500,18000,41500,-589.55,-874.60,-1068.32,M2,-3500
e3_nanda,lr1.60e-03_wd1.5223_s42,21500,21500,20500,42000,-623.08,-1057.78,-1239.68,M2,-1000
e3_nanda,lr1.60e-03_wd1.5223_s7,20000,20000,17500,35500,-620.93,-1004.50,-1299.50,M2,-2500
e3_nanda,lr1.60e-03_wd1.7145_s2025,39500,39500,14500,40000,-618.83,-969.01,-1129.58,M2,-25000
e3_nanda,lr1.60e-03_wd1.7145_s42,26500,26500,26000,42000,-549.82,-948.87,-1034.39,M2,-500
e3_nanda,lr1.60e-03_wd1.7145_s7,23500,23500,21000,36500,-554.13,-942.72,-1095.36,M2,-2500
e3_nanda,lr1.60e-03_wd1.9311_s2025,23500,23500,24000,38500,-568.91,-909.39,-1091.23,M2,500
e3_nanda,lr1.60e-03_wd1.9311_s42,19500,19500,18000,38500,-542.43,-853.01,-970.54,M2,-1500
e3_nanda,lr1.60e-03_wd1.9311_s7,28500,28500,23000,39500,-475.65,-790.06,-944.41,M2,-5500
e3_nanda,lr1.60e-03_wd2.175_s2025,23500,23500,17500,34000,-473.14,-818.21,-917.04,M2,-6000
e3_nanda,lr1.60e-03_wd2.175_s42,23500,23500,25500,37000,-534.81,-817.37,-1043.79,M2,2000
e3_nanda,lr1.60e-03_wd2.175_s7,14000,14000,14500,34500,-544.46,-809.45,-961.05,M2,500
e3_nanda,lr1.60e-03_wd2.4497_s2025,15500,15500,17500,31000,-552.72,-793.05,-985.08,M2,2000
e3_nanda,lr1.60e-03_wd2.4497_s42,21500,21500,22500,41500,-489.09,-876.56,-997.49,M2,1000
e3_nanda,lr1.60e-03_wd2.4497_s7,16000,16000,16500,35000,-559.16,-924.33,-1095.57,M2,500
e3_nanda,lr1.60e-03_wd2.7591_s2025,18500,18500,20500,30500,-491.86,-820.49,-1028.50,M2,2000
e3_nanda,lr1.60e-03_wd2.7591_s42,29000,29000,26500,32000,-411.95,-767.58,-952.17,M2,-2500
e3_nanda,lr1.60e-03_wd2.7591_s7,18000,18000,16000,30000,-567.88,-803.78,-1067.24,M2,-2000
e3_nanda,lr1.60e-03_wd3.1075_s2025,11000,11000,12500,26500,-537.99,-776.78,-1042.38,M2,1500
e3_nanda,lr1.60e-03_wd3.1075_s42,24500,24500,21500,29500,-395.61,-710.14,-931.77,M2,-3000
e3_nanda,lr1.60e-03_wd3.1075_s7,16500,16500,13500,32500,-585.15,-799.24,-1029.96,M2,-3000
e3_nanda,lr1.60e-03_wd3.5_s2025,20000,20000,17000,26500,-538.22,-840.38,-1117.28,M2,-3000
e3_nanda,lr1.60e-03_wd3.5_s42,26500,26500,24500,29500,-496.46,-896.29,-1015.82,M2,-2000
e3_nanda,lr1.60e-03_wd3.5_s7,21500,21500,17500,24500,-561.98,-814.69,-1064.12,M2,-4000
e3_nanda,lr1.71e-03_wd2.5_s2025,18500,18500,17500,31000,-499.34,-866.84,-971.53,M2,-1000
e3_nanda,lr1.71e-03_wd2.5_s42,17500,17500,16500,32000,-495.79,-881.70,-1011.68,M2,-1000
e3_nanda,lr1.71e-03_wd2.5_s7,21500,21500,22000,39000,-470.17,-905.98,-969.30,M2,500
e3_nanda,lr2.33e-03_wd2.5_s2025,11000,11000,11000,28000,-599.74,-951.50,-1072.79,M2,0
e3_nanda,lr2.33e-03_wd2.5_s42,28000,28000,24500,33000,-367.12,-674.13,-930.07,M2,-3500
e3_nanda,lr2.33e-03_wd2.5_s7,14000,14000,12000,28500,-551.86,-732.75,-1001.21,M2,-2000
e3_nanda,lr3.17e-03_wd2.5_s2025,19500,19500,14000,24500,-538.95,-743.79,-1006.49,M2,-5500
e3_nanda,lr3.17e-03_wd2.5_s42,17500,17500,13500,30000,-560.92,-768.58,-1096.56,M2,-4000
e3_nanda,lr3.17e-03_wd2.5_s7,18000,18000,10000,22000,-545.07,-678.20,-878.45,M2,-8000
e3_nanda,lr4.32e-03_wd2.5_s2025,14000,14000,8500,28000,-621.07,-768.66,-1109.26,M2,-5500
e3_nanda,lr4.32e-03_wd2.5_s42,9500,9500,8000,42000,-641.94,-753.89,-1008.44,M2,-1500
e3_nanda,lr4.32e-03_wd2.5_s7,14000,14000,10000,23500,-487.20,-684.72,-911.27,M2,-4000
e3_nanda,lr5.00e-04_wd2.5_s2025,42000,42000,8000,42000,-641.69,-846.89,-837.66,M1,-34000
e3_nanda,lr5.00e-04_wd2.5_s42,54000,54000,52000,58500,-764.58,-1479.81,-1726.49,M2,-2000
e3_nanda,lr5.00e-04_wd2.5_s7,57000,57000,55000,60500,-607.87,-1278.11,-1703.15,M2,-2000
e3_nanda,lr5.88e-03_wd2.5_s2025,8000,8000,9000,22000,-660.35,-1061.81,-1136.34,M2,1000
e3_nanda,lr5.88e-03_wd2.5_s42,28000,28000,27000,36500,-2021.75,-2280.77,-2365.61,M2,-1000
e3_nanda,lr5.88e-03_wd2.5_s7,29500,29500,16500,30000,-1878.37,-2098.06,-2233.22,M2,-13000
e3_nanda,lr6.80e-04_wd2.5_s2025,40500,40500,39000,42000,-503.66,-910.08,-905.78,M1,-1500
e3_nanda,lr6.80e-04_wd2.5_s42,39000,39000,38500,42000,-472.31,-902.06,-922.01,M2,-500
e3_nanda,lr6.80e-04_wd2.5_s7,42000,42000,36500,42000,-569.20,-841.70,-846.13,M2,-5500
e3_nanda,lr8.00e-03_wd2.5_s2025,13000,13000,13000,57500,-2288.95,-2448.88,-2465.97,M2,0
e3_nanda,lr8.00e-03_wd2.5_s42,21000,21000,13000,26500,-1792.22,-1979.98,-2030.12,M2,-8000
e3_nanda,lr8.00e-03_wd2.5_s7,20000,20000,24500,62500,-1693.30,-1916.39,-2193.77,M2,4500
e3_nanda,lr9.26e-04_wd2.5_s2025,35500,35500,34000,40000,-421.95,-792.13,-1004.19,M2,-1500
e3_nanda,lr9.26e-04_wd2.5_s42,26500,26500,27500,39000,-495.41,-853.23,-1036.73,M2,1000
e3_nanda,lr9.26e-04_wd2.5_s7,31500,31500,32500,39500,-389.05,-714.41,-866.17,M2,1000
