operation,prime,lr,wd,seed,observed_phase,tau_gen,tau_F,delta,ordering,max_train_acc,max_test_acc,max_steps_used,runtime_sec
add,53,0.0005,1.2,7,Memorization,,,,none,1.0,0.7935943007469177,80000,1334.1718711853027
add,53,0.0005,1.2,2025,Grokking,60000.0,,,G_only,1.0,0.9969496726989746,80000,1334.0483503341675
add,53,0.0005,1.2,42,Grokking,63000.0,67000.0,4000.0,G<F,1.0,0.9974580407142639,80000,1339.1087474822998
add,53,0.0005,1.4344,42,Grokking,53000.0,60000.0,7000.0,G<F,1.0,1.0,80000,1339.7693893909454
add,53,0.0005,1.4344,7,Grokking,68500.0,67000.0,-1500.0,F<G,1.0,0.9989832043647766,80000,1330.2498424053192
add,53,0.0005,1.4344,2025,Grokking,58000.0,,,G_only,1.0,1.0,80000,1331.9418320655823
add,53,0.0005,1.7145,42,Grokking,50000.0,67000.0,17000.0,G<F,1.0,1.0,80000,1335.2423748970032
add,53,0.0005,1.7145,7,Grokking,68500.0,67000.0,-1500.0,F<G,1.0,1.0,80000,1335.6259405612946
add,53,0.0005,2.0494,2025,Grokking,40000.0,,,G_only,1.0,0.9933909773826599,50000,835.970653295517
add,53,0.0005,2.4497,42,Grokking,48500.0,42000.0,-6500.0,F<G,1.0,1.0,50000,835.0147175788879
add,53,0.0005,1.7145,2025,Grokking,52500.0,65000.0,12500.0,G<F,1.0,1.0,80000,1331.0492095947266
add,53,0.0005,2.0494,42,Grokking,63500.0,66000.0,2500.0,G<F,1.0,1.0,80000,1332.423812866211
add,53,0.0005,2.0494,7,Grokking,75000.0,67000.0,-8000.0,F<G,1.0,1.0,80000,1334.3392851352692
add,53,0.0005,2.4497,2025,Grokking,38000.0,42000.0,4000.0,G<F,1.0,1.0,50000,832.295298576355
add,53,0.0005,2.9281,42,Grokking,39000.0,42000.0,3000.0,G<F,1.0,1.0,50000,832.1505510807037
add,53,0.0005,2.9281,2025,Grokking,34000.0,40500.0,6500.0,G<F,1.0,1.0,50000,830.8746771812439
add,53,0.0005,3.5,42,Grokking,33500.0,37500.0,4000.0,G<F,1.0,1.0,50000,831.2207689285278
add,53,0.0005,2.4497,7,Grokking,49500.0,53000.0,3500.0,G<F,1.0,1.0,80000,1332.8191120624542
add,53,0.0005,2.9281,7,Grokking,72000.0,65000.0,-7000.0,F<G,1.0,1.0,80000,1333.3272144794464
add,53,0.0005,3.5,2025,Grokking,33500.0,37000.0,3500.0,G<F,1.0,1.0,50000,831.0972285270691
add,53,0.0005,3.5,7,Memorization,,38000.0,,F_only,1.0,0.20437213778495789,80000,1330.0424411296844
add,53,0.000716,1.2,42,Grokking,52500.0,67000.0,14500.0,G<F,1.0,0.9989832043647766,80000,1333.2462537288666
add,53,0.000716,1.2,7,Memorization,,,,none,1.0,0.2821555733680725,80000,1333.5293662548065
add,53,0.000716,1.4344,42,Grokking,46500.0,,,G_only,1.0,0.986781895160675,50000,832.302613735199
add,53,0.000716,1.2,2025,Grokking,52500.0,67000.0,14500.0,G<F,1.0,0.9938993453979492,80000,1330.7684104442596
add,53,0.000716,1.7145,42,Grokking,40500.0,42000.0,1500.0,G<F,1.0,1.0,50000,831.3350555896759
add,53,0.000716,1.7145,7,Grokking,49000.0,40000.0,-9000.0,F<G,1.0,0.9806812405586243,50000,831.5637166500092
add,53,0.000716,1.4344,7,Grokking,62500.0,64000.0,1500.0,G<F,1.0,1.0,80000,1333.5238234996796
add,53,0.000716,1.7145,2025,Grokking,43000.0,,,G_only,1.0,0.984748363494873,50000,830.6098437309265
add,53,0.000716,2.0494,42,Grokking,40500.0,41500.0,1000.0,G<F,1.0,1.0,50000,830.2993049621582
add,53,0.000716,1.4344,2025,Grokking,58000.0,67000.0,9000.0,G<F,1.0,1.0,80000,1331.8795943260193
add,53,0.000716,2.0494,7,Grokking,38000.0,42000.0,4000.0,G<F,1.0,0.9984748363494873,50000,832.8038682937622
add,53,0.000716,2.0494,2025,Grokking,38000.0,42000.0,4000.0,G<F,1.0,1.0,50000,831.6304612159729
add,53,0.000716,2.4497,42,Grokking,34000.0,41500.0,7500.0,G<F,1.0,1.0,50000,831.56947016716
add,53,0.000716,2.4497,7,Grokking,36500.0,41000.0,4500.0,G<F,1.0,1.0,50000,833.0246932506561
add,53,0.000716,2.4497,2025,Grokking,29500.0,39500.0,10000.0,G<F,1.0,1.0,50000,835.38126039505
add,53,0.000716,2.9281,42,Grokking,29000.0,36000.0,7000.0,G<F,1.0,1.0,50000,828.5054831504822
add,53,0.000716,2.9281,7,Grokking,37000.0,38000.0,1000.0,G<F,1.0,1.0,50000,828.1223330497742
add,53,0.000716,2.9281,2025,Grokking,24000.0,34500.0,10500.0,G<F,1.0,1.0,50000,837.7823433876038
add,53,0.000716,3.5,42,Grokking,26000.0,32000.0,6000.0,G<F,1.0,1.0,50000,837.9933340549469
add,53,0.000716,3.5,7,Grokking,29000.0,32000.0,3000.0,G<F,1.0,1.0,50000,829.743134021759
add,53,0.000716,3.5,2025,Grokking,27000.0,32500.0,5500.0,G<F,1.0,1.0,50000,828.794102191925
add,53,0.001024,1.2,42,Grokking,36000.0,42000.0,6000.0,G<F,1.0,0.997966468334198,50000,835.0887665748596
add,53,0.001024,1.2,7,Grokking,33500.0,37500.0,4000.0,G<F,1.0,1.0,50000,833.6084017753601
add,53,0.001024,1.4344,42,Grokking,24000.0,37500.0,13500.0,G<F,1.0,1.0,50000,831.2508571147919
add,53,0.001024,1.2,2025,Grokking,33500.0,42000.0,8500.0,G<F,1.0,0.9964413046836853,50000,832.1261553764343
add,53,0.001024,1.4344,7,Grokking,36000.0,37500.0,1500.0,G<F,1.0,1.0,50000,832.8363814353943
add,53,0.001024,1.4344,2025,Grokking,33500.0,40500.0,7000.0,G<F,1.0,1.0,50000,832.8345708847046
add,53,0.001024,1.7145,42,Grokking,24500.0,38500.0,14000.0,G<F,1.0,1.0,50000,830.5005786418915
add,53,0.001024,1.7145,7,Grokking,42500.0,37000.0,-5500.0,F<G,1.0,1.0,50000,830.7578690052032
add,53,0.001024,1.7145,2025,Grokking,25000.0,35000.0,10000.0,G<F,1.0,1.0,50000,832.4854912757874
add,53,0.001024,2.0494,42,Grokking,16500.0,31000.0,14500.0,G<F,1.0,1.0,50000,833.2392446994781
add,53,0.001024,2.0494,7,Grokking,27000.0,30000.0,3000.0,G<F,1.0,1.0,50000,829.443728685379
add,53,0.001024,2.0494,2025,Grokking,23000.0,34500.0,11500.0,G<F,1.0,1.0,50000,829.5510468482971
add,53,0.001024,2.4497,42,Grokking,21000.0,36500.0,15500.0,G<F,1.0,1.0,50000,833.2555742263794
add,53,0.001024,2.4497,7,Grokking,26000.0,27500.0,1500.0,G<F,1.0,1.0,50000,833.8241438865662
add,53,0.001024,2.4497,2025,Grokking,25000.0,38000.0,13000.0,G<F,1.0,1.0,50000,828.1103181838989
add,53,0.001024,2.9281,42,Grokking,19500.0,29000.0,9500.0,G<F,1.0,1.0,50000,828.5565023422241
add,53,0.001024,2.9281,7,Grokking,27500.0,34000.0,6500.0,G<F,1.0,1.0,50000,833.702752828598
add,53,0.001024,2.9281,2025,Grokking,14500.0,21000.0,6500.0,G<F,1.0,1.0,50000,832.4189755916595
add,53,0.001024,3.5,42,Grokking,19000.0,29000.0,10000.0,G<F,1.0,1.0,50000,824.0576224327087
add,53,0.001024,3.5,7,Grokking,23500.0,27000.0,3500.0,G<F,1.0,1.0,50000,823.7545425891876
add,53,0.001024,3.5,2025,Grokking,13500.0,23500.0,10000.0,G<F,1.0,1.0,50000,840.768129825592
add,53,0.001466,1.2,42,Grokking,19000.0,34000.0,15000.0,G<F,1.0,0.9974580407142639,50000,833.4973566532135
add,53,0.001466,1.2,7,Grokking,23500.0,27000.0,3500.0,G<F,1.0,1.0,50000,827.903151512146
add,53,0.001466,1.2,2025,Grokking,46000.0,42000.0,-4000.0,F<G,1.0,0.9364514350891113,50000,829.3866899013519
add,53,0.001466,1.4344,42,Grokking,19500.0,25500.0,6000.0,G<F,1.0,1.0,50000,830.2286384105682
add,53,0.001466,1.4344,7,Grokking,23000.0,28000.0,5000.0,G<F,1.0,1.0,50000,832.0862491130829
add,53,0.001466,1.4344,2025,Grokking,15000.0,21000.0,6000.0,G<F,1.0,1.0,50000,828.6221222877502
add,53,0.001466,1.7145,42,Grokking,17500.0,33000.0,15500.0,G<F,1.0,1.0,50000,829.9449412822723
add,53,0.001466,1.7145,7,Grokking,13500.0,25000.0,11500.0,G<F,1.0,1.0,50000,827.9244875907898
add,53,0.001466,1.7145,2025,Grokking,12000.0,22000.0,10000.0,G<F,1.0,1.0,50000,832.1589374542236
add,53,0.001466,2.0494,42,Grokking,16500.0,32000.0,15500.0,G<F,1.0,1.0,50000,832.1414890289307
add,53,0.001466,2.0494,7,Grokking,19000.0,25000.0,6000.0,G<F,1.0,1.0,50000,831.1975932121277
add,53,0.001466,2.0494,2025,Grokking,19000.0,25000.0,6000.0,G<F,1.0,1.0,50000,829.4872422218323
add,53,0.001466,2.4497,42,Grokking,15500.0,30000.0,14500.0,G<F,1.0,1.0,50000,830.9097685813904
add,53,0.001466,2.4497,7,Grokking,12500.0,16500.0,4000.0,G<F,1.0,1.0,50000,831.5689418315887
add,53,0.001466,2.4497,2025,Grokking,16000.0,19000.0,3000.0,G<F,1.0,1.0,50000,831.391480922699
add,53,0.001466,2.9281,42,Grokking,11500.0,16500.0,5000.0,G<F,1.0,1.0,50000,827.3700273036957
add,53,0.001466,2.9281,7,Grokking,16500.0,27500.0,11000.0,G<F,1.0,1.0,50000,829.1426377296448
add,53,0.001466,2.9281,2025,Grokking,9500.0,16500.0,7000.0,G<F,1.0,1.0,50000,830.9171411991119
add,53,0.001466,3.5,42,Grokking,17500.0,20500.0,3000.0,G<F,1.0,1.0,50000,830.4897565841675
add,53,0.001466,3.5,7,Grokking,15500.0,25500.0,10000.0,G<F,1.0,1.0,50000,829.6914255619049
add,53,0.001466,3.5,2025,Grokking,10500.0,21000.0,10500.0,G<F,1.0,1.0,50000,828.2904295921326
add,53,0.002099,1.2,42,Grokking,21500.0,29500.0,8000.0,G<F,1.0,1.0,50000,826.2197873592377
add,53,0.002099,1.2,7,Grokking,19000.0,24000.0,5000.0,G<F,1.0,1.0,50000,829.5633208751678
add,53,0.002099,1.2,2025,Grokking,19000.0,22500.0,3500.0,G<F,1.0,1.0,50000,828.9662752151489
add,53,0.002099,1.4344,42,Grokking,15500.0,20000.0,4500.0,G<F,1.0,1.0,50000,828.7330305576324
add,53,0.002099,1.4344,7,Grokking,13000.0,23000.0,10000.0,G<F,1.0,1.0,50000,829.8781306743622
add,53,0.002099,1.4344,2025,Grokking,22500.0,29000.0,6500.0,G<F,1.0,1.0,50000,831.4532482624054
add,53,0.002099,1.7145,42,Grokking,11000.0,18000.0,7000.0,G<F,1.0,1.0,50000,832.7912306785583
add,53,0.002099,1.7145,7,Grokking,18500.0,21000.0,2500.0,G<F,1.0,1.0,50000,832.1739990711212
add,53,0.002099,1.7145,2025,Grokking,7000.0,23000.0,16000.0,G<F,1.0,1.0,50000,829.0572681427002
add,53,0.002099,2.0494,42,Grokking,14000.0,29000.0,15000.0,G<F,1.0,1.0,50000,830.6379594802856
add,53,0.002099,2.0494,7,Grokking,8000.0,13500.0,5500.0,G<F,1.0,1.0,50000,831.5174648761749
add,53,0.002099,2.0494,2025,Grokking,7000.0,13500.0,6500.0,G<F,1.0,1.0,50000,832.1981308460236
add,53,0.002099,2.4497,42,Grokking,16500.0,23000.0,6500.0,G<F,1.0,1.0,50000,831.4677498340607
add,53,0.002099,2.4497,7,Grokking,8500.0,9500.0,1000.0,G<F,1.0,1.0,50000,831.2201995849609
add,53,0.002099,2.4497,2025,Grokking,4500.0,13000.0,8500.0,G<F,1.0,1.0,50000,834.3189475536346
add,53,0.002099,2.9281,42,Grokking,11000.0,15000.0,4000.0,G<F,1.0,1.0,50000,835.63640832901
add,53,0.002099,2.9281,7,Grokking,11500.0,22000.0,10500.0,G<F,1.0,1.0,50000,829.5059757232666
add,53,0.002099,2.9281,2025,Grokking,6500.0,12500.0,6000.0,G<F,1.0,1.0,50000,830.6704092025757
add,53,0.002099,3.5,42,Grokking,11500.0,11500.0,0.0,coincident,1.0,1.0,50000,837.6589422225952
add,53,0.002099,3.5,7,Grokking,9500.0,16000.0,6500.0,G<F,1.0,1.0,50000,837.1264426708221
add,53,0.002099,3.5,2025,Grokking,6500.0,14500.0,8000.0,G<F,1.0,1.0,50000,827.9118993282318
add,53,0.003004,1.2,42,Grokking,42000.0,39500.0,-2500.0,F<G,1.0,1.0,50000,827.8325307369232
add,53,0.003004,1.2,2025,Grokking,11500.0,17500.0,6000.0,G<F,1.0,0.9984748363494873,50000,830.9757816791534
add,53,0.003004,1.4344,7,Grokking,43000.0,39500.0,-3500.0,F<G,1.0,1.0,50000,828.0262396335602
add,53,0.003004,1.4344,2025,Grokking,11000.0,15000.0,4000.0,G<F,1.0,1.0,50000,829.3975856304169
add,53,0.003004,1.2,7,Memorization,,39000.0,,F_only,1.0,0.47025927901268005,80000,1324.214002609253
add,53,0.003004,1.7145,42,Grokking,28000.0,28500.0,500.0,coincident,1.0,1.0,50000,830.5341687202454
add,53,0.003004,1.4344,42,Grokking,59500.0,39500.0,-20000.0,F<G,1.0,1.0,80000,1325.220628976822
add,53,0.003004,1.7145,2025,Grokking,8500.0,13000.0,4500.0,G<F,1.0,1.0,50000,831.86199426651
add,53,0.003004,2.0494,42,Grokking,22000.0,26500.0,4500.0,G<F,1.0,1.0,50000,830.5678353309631
add,53,0.003004,2.0494,7,Grokking,9000.0,10000.0,1000.0,G<F,1.0,1.0,50000,828.6993188858032
add,53,0.003004,2.0494,2025,Grokking,5500.0,10500.0,5000.0,G<F,1.0,1.0,50000,831.4677088260651
add,53,0.003004,2.4497,42,Grokking,8000.0,18500.0,10500.0,G<F,1.0,1.0,50000,830.9712102413177
add,53,0.003004,1.7145,7,Memorization,,13000.0,,F_only,1.0,0.049822062253952026,80000,1326.9742949008942
add,53,0.003004,2.4497,7,Grokking,5500.0,17000.0,11500.0,G<F,1.0,1.0,50000,829.7578973770142
add,53,0.003004,2.4497,2025,Grokking,3500.0,8500.0,5000.0,G<F,1.0,1.0,50000,831.390162229538
add,53,0.003004,2.9281,42,Grokking,6500.0,21000.0,14500.0,G<F,1.0,1.0,50000,830.762811422348
add,53,0.003004,2.9281,7,Grokking,15500.0,22000.0,6500.0,G<F,1.0,1.0,50000,829.9407985210419
add,53,0.003004,2.9281,2025,Grokking,4000.0,17500.0,13500.0,G<F,1.0,1.0,50000,828.6024067401886
add,53,0.003004,3.5,42,Grokking,13000.0,19000.0,6000.0,G<F,1.0,1.0,50000,833.5095443725586
add,53,0.003004,3.5,7,Grokking,8500.0,16500.0,8000.0,G<F,1.0,1.0,50000,830.8031270503998
add,53,0.003004,3.5,2025,Grokking,5500.0,16500.0,11000.0,G<F,1.0,1.0,50000,830.6009874343872
add,53,0.0043,1.2,42,Memorization,,22500.0,,F_only,1.0,0.018810370936989784,80000,1322.1347107887268
add,53,0.0043,1.2,7,Memorization,,23500.0,,F_only,1.0,0.021860701963305473,80000,1328.9891726970673
add,53,0.0043,1.2,2025,Memorization,,35500.0,,F_only,1.0,0.018301982432603836,80000,1330.6321618556976
add,53,0.0043,1.4344,42,Memorization,,48000.0,,F_only,1.0,0.018810370936989784,80000,1329.9053983688354
add,53,0.0043,1.4344,7,Memorization,,,,none,1.0,0.021860701963305473,80000,1318.0788712501526
add,53,0.0043,1.4344,2025,Memorization,,28000.0,,F_only,1.0,0.018301982432603836,80000,1330.0987837314606
add,53,0.0043,1.7145,42,Memorization,,23000.0,,F_only,1.0,0.018810370936989784,80000,1330.556789636612
add,53,0.0043,1.7145,7,Memorization,,19000.0,,F_only,1.0,0.021860701963305473,80000,1328.482617855072
add,53,0.0043,1.7145,2025,Memorization,,13500.0,,F_only,1.0,0.018301982432603836,80000,1325.7421135902405
add,53,0.0043,2.0494,42,Memorization,,13000.0,,F_only,1.0,0.018810370936989784,80000,1330.6269071102142
add,53,0.0043,2.0494,7,Memorization,,15500.0,,F_only,1.0,0.021860701963305473,80000,1334.357337474823
add,53,0.0043,2.0494,2025,Grokking,66500.0,15500.0,-51000.0,F<G,1.0,1.0,80000,1328.4761755466461
add,53,0.0043,2.4497,42,Grokking,31000.0,8000.0,-23000.0,F<G,1.0,1.0,50000,830.9737713336945
add,53,0.0043,2.4497,7,Grokking,6000.0,8000.0,2000.0,G<F,1.0,1.0,50000,831.6754734516144
add,53,0.0043,2.4497,2025,Grokking,4000.0,8000.0,4000.0,G<F,1.0,1.0,50000,833.2678866386414
add,53,0.0043,2.9281,42,Grokking,9000.0,14000.0,5000.0,G<F,1.0,1.0,50000,829.4423997402191
add,53,0.0043,2.9281,7,Grokking,3500.0,13000.0,9500.0,G<F,1.0,1.0,50000,828.2204940319061
add,53,0.0043,2.9281,2025,Comprehension,2000.0,14500.0,12500.0,G<F,1.0,1.0,50000,831.1888046264648
add,53,0.0043,3.5,42,Grokking,6000.0,18500.0,12500.0,G<F,1.0,1.0,50000,813.7076134681702
add,53,0.0043,3.5,7,Grokking,21500.0,22000.0,500.0,coincident,1.0,1.0,50000,707.4135162830353
add,53,0.0043,3.5,2025,Grokking,4000.0,8000.0,4000.0,G<F,1.0,1.0,50000,629.032552242279
